SA2,SA2 NAME,2016-17Median ($),2017-18Median ($),2018-19Median ($),2019-20Median ($),2020-21Median ($),2016-17Mean ($),2017-18Mean ($),2018-19Mean ($),2019-20Mean ($),2020-21Mean ($)
Australia,," 48,083 "," 49,805 "," 51,389 "," 52,338 "," 54,890 "," 63,508 "," 64,247 "," 65,954 "," 67,255 "," 70,522 "
Victoria,," 47,457 "," 49,266 "," 51,027 "," 51,996 "," 54,008 "," 62,354 "," 63,432 "," 65,368 "," 66,660 "," 69,694 "
201011001,Alfredton," 50,596 "," 52,448 "," 53,932 "," 55,204 "," 58,036 "," 60,937 "," 62,343 "," 63,731 "," 65,781 "," 69,111 "
201011002,Ballarat," 50,093 "," 51,736 "," 53,688 "," 53,784 "," 55,998 "," 72,750 "," 74,917 "," 77,952 "," 78,498 "," 83,800 "
201011005,Buninyong," 48,877 "," 51,034 "," 52,377 "," 54,308 "," 56,408 "," 61,067 "," 61,593 "," 63,338 "," 64,381 "," 67,558 "
201011006,Delacombe," 46,176 "," 47,759 "," 49,909 "," 51,915 "," 52,792 "," 51,945 "," 52,206 "," 54,872 "," 56,188 "," 58,548 "
201011007,Smythes Creek," 48,250 "," 49,822 "," 53,154 "," 53,981 "," 57,516 "," 55,030 "," 56,121 "," 59,737 "," 61,244 "," 65,068 "
201011008,Wendouree - Miners Rest," 42,652 "," 45,002 "," 46,287 "," 47,627 "," 49,076 "," 49,190 "," 49,080 "," 50,414 "," 52,366 "," 54,582 "
201011481,Ballarat East - Warrenheip," 42,853 "," 44,993 "," 47,211 "," 48,263 "," 49,157 "," 51,378 "," 51,290 "," 53,808 "," 55,725 "," 57,146 "
201011482,Ballarat North - Invermay," 48,670 "," 52,123 "," 53,029 "," 55,042 "," 56,755 "," 60,798 "," 65,066 "," 64,209 "," 65,802 "," 69,414 "
201011483,Canadian - Mount Clear," 43,944 "," 46,025 "," 47,887 "," 48,536 "," 50,350 "," 52,474 "," 52,472 "," 54,355 "," 55,406 "," 58,142 "
201011484,Sebastopol - Redan," 40,908 "," 42,941 "," 44,037 "," 45,870 "," 46,895 "," 46,001 "," 45,434 "," 47,028 "," 49,090 "," 50,224 "
201021009,Bacchus Marsh Surrounds," 48,442 "," 50,002 "," 52,033 "," 53,942 "," 55,392 "," 58,234 "," 66,193 "," 61,574 "," 63,606 "," 65,385 "
201021010,Creswick - Clunes," 40,000 "," 41,021 "," 43,736 "," 44,642 "," 47,227 "," 51,477 "," 51,843 "," 52,250 "," 54,512 "," 56,341 "
201021011,Daylesford," 36,737 "," 38,686 "," 40,825 "," 41,806 "," 44,861 "," 50,082 "," 50,419 "," 52,039 "," 55,962 "," 61,564 "
201021012,Gordon (Vic.)," 45,942 "," 47,895 "," 50,462 "," 51,371 "," 52,547 "," 57,457 "," 57,971 "," 60,431 "," 61,560 "," 64,707 "
201031013,Avoca," 34,736 "," 38,543 "," 39,893 "," 38,869 "," 40,604 "," 43,260 "," 43,854 "," 46,394 "," 45,087 "," 46,401 "
201031014,Beaufort," 37,265 "," 38,984 "," 41,170 "," 43,576 "," 45,413 "," 46,591 "," 48,496 "," 49,859 "," 51,171 "," 57,560 "
201031015,Golden Plains - North," 41,962 "," 44,154 "," 47,311 "," 47,277 "," 50,047 "," 49,090 "," 50,265 "," 52,723 "," 54,622 "," 59,038 "
201031016,Maryborough (Vic.)," 37,562 "," 39,827 "," 40,679 "," 41,645 "," 44,549 "," 44,773 "," 44,188 "," 45,621 "," 47,497 "," 49,343 "
201031017,Maryborough Surrounds," 33,977 "," 36,938 "," 38,664 "," 38,880 "," 40,515 "," 42,520 "," 42,404 "," 44,345 "," 44,511 "," 45,894 "
202011018,Bendigo," 44,608 "," 46,208 "," 47,893 "," 48,853 "," 50,141 "," 56,641 "," 56,868 "," 59,949 "," 59,970 "," 63,398 "
202011019,California Gully - Eaglehawk," 41,843 "," 44,261 "," 46,685 "," 47,989 "," 49,939 "," 47,452 "," 47,761 "," 49,687 "," 51,322 "," 53,721 "
202011020,East Bendigo - Kennington," 43,778 "," 46,635 "," 48,672 "," 49,879 "," 51,631 "," 56,755 "," 57,970 "," 60,634 "," 62,610 "," 65,084 "
202011021,Flora Hill - Spring Gully," 44,753 "," 46,562 "," 49,582 "," 50,172 "," 51,467 "," 54,837 "," 54,887 "," 57,874 "," 58,775 "," 61,134 "
202011022,Kangaroo Flat - Golden Square," 42,829 "," 45,451 "," 47,362 "," 48,761 "," 50,201 "," 49,441 "," 49,861 "," 51,763 "," 52,958 "," 55,336 "
202011023,Maiden Gully," 51,372 "," 52,247 "," 53,063 "," 54,617 "," 58,373 "," 57,539 "," 59,226 "," 60,428 "," 61,645 "," 65,402 "
202011024,Strathfieldsaye," 51,662 "," 53,073 "," 55,491 "," 57,975 "," 60,608 "," 62,841 "," 64,352 "," 66,430 "," 68,228 "," 71,745 "
202011025,White Hills - Ascot," 46,683 "," 49,283 "," 51,368 "," 53,137 "," 55,432 "," 52,917 "," 54,344 "," 56,173 "," 28,541 "," 60,678 "
202021026,Bendigo Surrounds - South," 47,649 "," 49,529 "," 51,446 "," 52,331 "," 55,917 "," 58,058 "," 59,407 "," 60,603 "," 62,854 "," 66,517 "
202021027,Castlemaine," 38,675 "," 42,109 "," 42,951 "," 43,908 "," 46,479 "," 49,502 "," 50,915 "," 52,057 "," 53,246 "," 57,516 "
202021028,Castlemaine Surrounds," 39,470 "," 41,255 "," 41,687 "," 42,113 "," 45,449 "," 49,549 "," 50,261 "," 51,354 "," 53,080 "," 56,046 "
202021029,Heathcote," 38,000 "," 41,695 "," 43,832 "," 43,831 "," 45,631 "," 48,121 "," 49,559 "," 52,298 "," 52,256 "," 55,279 "
202021030,Kyneton," 43,814 "," 46,315 "," 47,443 "," 48,746 "," 53,010 "," 57,040 "," 57,944 "," 61,101 "," 63,602 "," 68,250 "
202021031,Woodend," 51,257 "," 53,778 "," 56,116 "," 55,926 "," 61,107 "," 69,430 "," 70,884 "," 73,833 "," 75,671 "," 80,740 "
202031032,Bendigo Surrounds - North," 42,520 "," 45,727 "," 47,033 "," 48,282 "," 49,623 "," 51,218 "," 53,161 "," 53,961 "," 56,423 "," 58,161 "
202031033,Loddon," 36,191 "," 40,616 "," 41,119 "," 41,140 "," 42,260 "," 44,958 "," 48,572 "," 49,366 "," 49,976 "," 48,747 "
203011034,Bannockburn," 50,953 "," 52,230 "," 54,881 "," 57,208 "," 59,554 "," 60,623 "," 61,706 "," 64,616 "," 66,416 "," 69,373 "
203011035,Golden Plains - South," 45,341 "," 47,743 "," 49,785 "," 50,940 "," 53,242 "," 55,135 "," 56,637 "," 58,885 "," 60,329 "," 61,489 "
203011036,Winchelsea," 41,205 "," 45,264 "," 49,329 "," 50,686 "," 52,487 "," 55,188 "," 59,040 "," 62,815 "," 65,423 "," 67,835 "
203021037,Belmont," 43,475 "," 46,078 "," 47,862 "," 49,738 "," 52,330 "," 52,943 "," 53,728 "," 56,322 "," 58,025 "," 60,614 "
203021039,Geelong," 48,877 "," 50,550 "," 51,932 "," 53,310 "," 55,470 "," 64,346 "," 64,644 "," 67,467 "," 69,960 "," 76,382 "
203021040,Geelong West - Hamlyn Heights," 50,500 "," 52,867 "," 55,640 "," 56,471 "," 60,000 "," 61,325 "," 63,101 "," 65,797 "," 67,391 "," 70,860 "
203021042,Highton," 48,358 "," 49,958 "," 52,791 "," 53,558 "," 56,368 "," 65,097 "," 66,097 "," 69,718 "," 69,050 "," 74,383 "
203021043,Lara," 51,214 "," 53,119 "," 55,149 "," 56,249 "," 58,070 "," 61,234 "," 62,007 "," 63,769 "," 64,102 "," 67,202 "
203021044,Leopold," 46,241 "," 48,341 "," 49,935 "," 50,454 "," 52,367 "," 54,164 "," 55,022 "," 56,522 "," 57,039 "," 59,769 "
203021045,Newcomb - Moolap," 42,345 "," 43,613 "," 45,931 "," 46,478 "," 47,376 "," 48,713 "," 48,184 "," 50,289 "," 51,252 "," 52,563 "
203021046,Newtown (Vic.)," 55,773 "," 57,818 "," 59,470 "," 60,993 "," 65,840 "," 80,399 "," 83,634 "," 85,469 "," 85,904 "," 95,457 "
203021047,North Geelong - Bell Park," 46,263 "," 47,651 "," 49,851 "," 50,763 "," 52,287 "," 56,397 "," 56,663 "," 59,161 "," 59,873 "," 61,899 "
203021485,Charlemont," 48,335 "," 51,398 "," 54,069 "," 54,279 "," 57,025 "," 55,821 "," 57,510 "," 59,694 "," 60,115 "," 63,618 "
203021486,Corio - Lovely Banks," 42,164 "," 44,049 "," 45,492 "," 46,260 "," 47,324 "," 49,869 "," 48,955 "," 49,917 "," 50,875 "," 52,266 "
203021487,Grovedale - Mount Duneed," 45,770 "," 47,710 "," 49,516 "," 50,222 "," 52,795 "," 54,503 "," 55,068 "," 57,195 "," 58,308 "," 60,876 "
203021488,Norlane," 37,771 "," 40,168 "," 41,538 "," 42,583 "," 42,795 "," 44,016 "," 43,345 "," 44,826 "," 45,104 "," 46,236 "
203031048,Clifton Springs," 42,995 "," 45,472 "," 47,864 "," 48,415 "," 50,679 "," 56,162 "," 55,084 "," 55,924 "," 57,063 "," 59,593 "
203031049,Lorne - Anglesea," 38,846 "," 40,485 "," 41,429 "," 42,606 "," 45,000 "," 56,011 "," 56,764 "," 58,728 "," 62,166 "," 65,504 "
203031051,Portarlington," 36,827 "," 38,323 "," 39,988 "," 40,764 "," 42,699 "," 51,081 "," 51,830 "," 53,983 "," 54,597 "," 55,044 "
203031052,Point Lonsdale - Queenscliff," 38,209 "," 39,994 "," 43,520 "," 44,696 "," 45,383 "," 58,150 "," 60,203 "," 62,573 "," 63,226 "," 65,668 "
203031053,Torquay," 49,228 "," 52,107 "," 54,955 "," 56,102 "," 59,658 "," 65,542 "," 68,054 "," 71,544 "," 74,110 "," 78,116 "
203031489,Barwon Heads - Armstrong Creek," 52,561 "," 53,402 "," 54,483 "," 56,243 "," 58,336 "," 69,448 "," 68,181 "," 70,358 "," 71,366 "," 75,095 "
203031490,Ocean Grove," 45,884 "," 48,975 "," 51,724 "," 52,235 "," 54,727 "," 60,636 "," 62,157 "," 64,902 "," 65,996 "," 69,779 "
204011054,Alexandra," 36,773 "," 37,890 "," 39,452 "," 40,199 "," 42,833 "," 46,888 "," 45,906 "," 48,621 "," 49,685 "," 52,997 "
204011055,Euroa," 36,859 "," 38,987 "," 39,500 "," 41,079 "," 42,378 "," 45,058 "," 45,888 "," 46,390 "," 47,358 "," 49,568 "
204011056,Kilmore - Broadford," 47,599 "," 49,320 "," 51,400 "," 52,821 "," 54,697 "," 56,042 "," 56,872 "," 59,445 "," 60,481 "," 62,198 "
204011057,Mansfield (Vic.)," 35,163 "," 37,862 "," 39,675 "," 40,256 "," 44,132 "," 48,747 "," 46,774 "," 49,138 "," 51,145 "," 56,864 "
204011058,Nagambie," 43,186 "," 45,235 "," 47,727 "," 47,578 "," 49,991 "," 51,987 "," 53,379 "," 56,203 "," 56,209 "," 59,681 "
204011059,Seymour," 41,116 "," 43,392 "," 45,393 "," 46,029 "," 46,566 "," 49,684 "," 49,929 "," 51,935 "," 52,115 "," 53,568 "
204011060,Seymour Surrounds," 47,918 "," 49,991 "," 52,222 "," 54,521 "," 55,989 "," 55,725 "," 56,151 "," 57,942 "," 59,529 "," 64,280 "
204011061,Upper Yarra Valley," 39,089 "," 43,740 "," 41,375 "," 39,982 "," 39,860 "," 42,286 "," 43,268 "," 45,539 "," 44,660 "," 41,957 "
204011062,Yea," 35,627 "," 37,163 "," 38,638 "," 40,162 "," 42,575 "," 46,983 "," 46,786 "," 49,485 "," 50,446 "," 53,171 "
204021063,Benalla," 40,896 "," 42,700 "," 44,066 "," 45,272 "," 47,763 "," 48,908 "," 48,677 "," 50,313 "," 51,790 "," 53,911 "
204021064,Benalla Surrounds," 35,151 "," 37,975 "," 38,640 "," 39,851 "," 43,429 "," 45,218 "," 45,446 "," 46,071 "," 48,925 "," 52,875 "
204021065,Rutherglen," 44,371 "," 45,971 "," 47,557 "," 49,146 "," 50,176 "," 51,316 "," 51,728 "," 53,159 "," 54,002 "," 55,394 "
204021066,Wangaratta," 43,782 "," 45,587 "," 47,525 "," 48,372 "," 51,216 "," 52,583 "," 53,231 "," 54,282 "," 55,861 "," 59,223 "
204021067,Wangaratta Surrounds," 39,326 "," 40,688 "," 42,619 "," 44,091 "," 47,714 "," 48,110 "," 48,505 "," 50,370 "," 51,949 "," 56,875 "
204031068,Beechworth," 40,767 "," 42,008 "," 44,279 "," 45,613 "," 49,202 "," 50,975 "," 49,973 "," 51,861 "," 54,072 "," 57,515 "
204031069,Bright - Mount Beauty," 35,886 "," 37,190 "," 39,625 "," 39,120 "," 44,636 "," 45,819 "," 46,609 "," 48,274 "," 49,835 "," 55,037 "
204031070,Chiltern - Indigo Valley," 45,372 "," 49,193 "," 48,813 "," 49,171 "," 52,093 "," 51,666 "," 53,018 "," 53,350 "," 53,772 "," 56,964 "
204031071,Myrtleford," 37,990 "," 39,638 "," 42,317 "," 43,534 "," 46,464 "," 47,110 "," 47,605 "," 49,467 "," 51,408 "," 53,987 "
204031072,Towong," 38,937 "," 39,305 "," 40,331 "," 42,687 "," 45,636 "," 48,865 "," 47,362 "," 50,731 "," 54,062 "," 56,269 "
204031073,West Wodonga," 48,288 "," 49,702 "," 51,249 "," 52,290 "," 54,375 "," 55,028 "," 54,901 "," 57,793 "," 58,900 "," 60,766 "
204031075,Yackandandah," 45,418 "," 47,466 "," 49,453 "," 50,304 "," 54,013 "," 55,009 "," 54,960 "," 57,191 "," 58,413 "," 63,092 "
204031491,Baranduda - Leneva," 52,517 "," 55,000 "," 57,143 "," 57,683 "," 59,798 "," 59,002 "," 59,757 "," 62,322 "," 63,059 "," 66,300 "
204031492,Wodonga," 44,888 "," 45,351 "," 48,035 "," 49,329 "," 51,193 "," 51,340 "," 50,738 "," 52,780 "," 54,075 "," 56,160 "
205011076,Drouin," 42,551 "," 44,882 "," 47,042 "," 48,380 "," 50,387 "," 50,964 "," 51,685 "," 53,186 "," 55,577 "," 57,259 "
205011077,Mount Baw Baw Region," 38,906 "," 41,422 "," 42,324 "," 43,205 "," 46,236 "," 51,160 "," 50,737 "," 52,836 "," 54,568 "," 58,165 "
205011078,Trafalgar (Vic.)," 42,227 "," 44,410 "," 46,518 "," 47,243 "," 50,254 "," 54,462 "," 54,634 "," 57,132 "," 58,445 "," 60,318 "
205011079,Warragul," 43,110 "," 45,069 "," 47,709 "," 49,466 "," 51,745 "," 55,491 "," 56,461 "," 58,802 "," 60,898 "," 63,661 "
205021080,Alps - East," 32,270 "," 31,114 "," 32,682 "," 32,747 "," 32,740 "," 29,895 "," 24,480 "," 25,687 "," 25,610 "," 19,643 "
205021081,Bairnsdale," 40,810 "," 42,091 "," 43,540 "," 44,665 "," 46,698 "," 49,038 "," 48,823 "," 50,631 "," 52,194 "," 53,676 "
205021082,Bruthen - Omeo," 38,053 "," 38,409 "," 40,078 "," 41,805 "," 45,362 "," 46,404 "," 44,559 "," 44,500 "," 47,981 "," 51,050 "
205021083,Lake King, np , np , np , np , np , np , np , np , np , np 
205021084,Lakes Entrance," 34,233 "," 35,390 "," 36,991 "," 37,983 "," 39,346 "," 45,712 "," 44,304 "," 46,623 "," 48,545 "," 50,719 "
205021085,Orbost," 33,667 "," 35,600 "," 35,437 "," 38,041 "," 39,070 "," 47,249 "," 42,654 "," 43,625 "," 47,218 "," 46,764 "
205021086,Paynesville," 35,297 "," 36,444 "," 37,439 "," 37,891 "," 40,376 "," 46,885 "," 45,876 "," 47,889 "," 48,631 "," 51,438 "
205031087,Foster," 33,610 "," 34,854 "," 37,285 "," 39,276 "," 41,375 "," 46,244 "," 43,978 "," 47,050 "," 50,548 "," 51,807 "
205031088,French Island," 16,626 "," 18,177 "," 14,698 "," 21,302 "," 20,746 "," 29,023 "," 32,972 "," 19,619 "," 23,233 "," 27,326 "
205031089,Korumburra," 38,315 "," 41,642 "," 42,483 "," 44,768 "," 46,464 "," 48,281 "," 49,468 "," 49,905 "," 52,393 "," 54,997 "
205031090,Leongatha," 38,812 "," 40,948 "," 42,792 "," 44,669 "," 46,484 "," 50,370 "," 50,615 "," 53,337 "," 54,150 "," 56,074 "
205031091,Phillip Island," 35,401 "," 36,813 "," 38,038 "," 38,265 "," 41,004 "," 46,507 "," 46,388 "," 48,054 "," 49,289 "," 53,614 "
205031092,Wilsons Promontory," 48,196 "," 61,865 "," 70,131 "," 73,640 "," 57,595 "," 54,083 "," 71,862 "," 69,877 "," 85,352 "," 86,628 "
205031093,Wonthaggi - Inverloch," 36,148 "," 38,060 "," 39,884 "," 41,773 "," 43,811 "," 46,975 "," 47,385 "," 49,339 "," 51,207 "," 54,451 "
205041094,Churchill," 45,223 "," 46,847 "," 49,120 "," 49,079 "," 50,934 "," 60,945 "," 59,226 "," 60,619 "," 60,269 "," 62,710 "
205041095,Moe - Newborough," 42,269 "," 43,433 "," 46,041 "," 47,154 "," 48,328 "," 55,484 "," 54,092 "," 56,103 "," 56,175 "," 57,339 "
205041096,Morwell," 40,893 "," 42,558 "," 43,010 "," 43,803 "," 44,232 "," 52,351 "," 49,879 "," 50,932 "," 51,353 "," 52,004 "
205041098,Yallourn North - Glengarry," 47,598 "," 50,472 "," 51,768 "," 52,142 "," 54,569 "," 63,849 "," 62,677 "," 64,767 "," 64,590 "," 66,375 "
205041493,Traralgon - East," 48,361 "," 49,238 "," 50,765 "," 52,444 "," 53,555 "," 62,652 "," 62,128 "," 63,982 "," 64,676 "," 66,463 "
205041494,Traralgon - West," 51,596 "," 54,312 "," 56,094 "," 57,985 "," 59,637 "," 63,811 "," 65,291 "," 67,664 "," 68,695 "," 71,047 "
205051099,Alps - West," 26,350 "," 18,835 "," 25,376 "," 10,949 "," 23,479 "," 32,598 "," 26,560 "," 32,700 "," 23,541 "," 39,801 "
205051100,Longford - Loch Sport," 40,027 "," 40,507 "," 42,485 "," 44,934 "," 46,164 "," 56,821 "," 53,406 "," 55,163 "," 58,035 "," 59,401 "
205051101,Maffra," 41,750 "," 43,501 "," 44,993 "," 46,559 "," 48,323 "," 52,260 "," 52,154 "," 53,912 "," 55,194 "," 56,306 "
205051102,Rosedale," 40,503 "," 42,172 "," 41,947 "," 47,078 "," 48,952 "," 49,744 "," 50,212 "," 49,422 "," 53,399 "," 52,351 "
205051103,Sale," 44,839 "," 46,718 "," 49,010 "," 49,874 "," 51,232 "," 59,555 "," 59,517 "," 62,240 "," 62,598 "," 64,483 "
205051104,Yarram," 35,097 "," 38,003 "," 37,232 "," 38,845 "," 41,677 "," 45,335 "," 45,897 "," 48,413 "," 58,500 "," 55,847 "
206011106,Brunswick East," 54,478 "," 56,690 "," 59,822 "," 63,008 "," 67,960 "," 65,279 "," 67,536 "," 70,464 "," 73,762 "," 78,898 "
206011107,Brunswick West," 50,447 "," 52,890 "," 56,381 "," 57,450 "," 60,171 "," 62,956 "," 65,096 "," 69,495 "," 70,175 "," 73,396 "
206011109,Pascoe Vale South," 54,842 "," 56,576 "," 59,867 "," 61,738 "," 63,813 "," 66,977 "," 68,746 "," 72,778 "," 76,267 "," 77,371 "
206011495,Brunswick - North," 49,963 "," 51,989 "," 54,876 "," 57,380 "," 61,510 "," 62,419 "," 65,363 "," 66,616 "," 70,197 "," 75,663 "
206011496,Brunswick - South," 53,195 "," 56,892 "," 60,538 "," 63,139 "," 66,877 "," 65,324 "," 68,238 "," 71,001 "," 74,152 "," 78,418 "
206011497,Coburg - East," 49,250 "," 50,770 "," 53,715 "," 54,507 "," 57,540 "," 60,204 "," 60,965 "," 64,282 "," 66,883 "," 69,648 "
206011498,Coburg - West," 51,592 "," 53,766 "," 56,015 "," 57,836 "," 61,891 "," 63,811 "," 65,865 "," 68,370 "," 71,204 "," 76,096 "
206021110,Alphington - Fairfield," 57,147 "," 59,610 "," 61,806 "," 65,222 "," 68,391 "," 77,206 "," 79,358 "," 84,371 "," 87,578 "," 92,974 "
206021112,Thornbury," 53,080 "," 56,044 "," 59,278 "," 61,162 "," 64,577 "," 65,842 "," 67,965 "," 71,865 "," 74,256 "," 79,402 "
206021499,Northcote - East," 58,324 "," 60,954 "," 63,879 "," 66,254 "," 70,849 "," 77,001 "," 79,392 "," 83,551 "," 87,116 "," 92,867 "
206021500,Northcote - West," 58,454 "," 61,032 "," 64,538 "," 67,203 "," 70,882 "," 73,746 "," 77,610 "," 81,991 "," 85,156 "," 90,225 "
206031113,Ascot Vale," 57,622 "," 59,981 "," 61,854 "," 63,855 "," 67,266 "," 77,704 "," 77,930 "," 80,826 "," 84,146 "," 87,247 "
206031115,Flemington," 48,881 "," 51,553 "," 53,463 "," 55,880 "," 58,662 "," 62,270 "," 64,232 "," 67,193 "," 70,071 "," 74,245 "
206031116,Moonee Ponds," 59,466 "," 60,879 "," 62,722 "," 64,710 "," 67,877 "," 78,786 "," 80,292 "," 81,860 "," 85,629 "," 87,941 "
206031501,Essendon (West) - Aberfeldie," 56,005 "," 58,715 "," 60,890 "," 61,797 "," 64,802 "," 77,766 "," 80,819 "," 83,487 "," 84,237 "," 91,250 "
206031502,Essendon - East," 56,477 "," 59,717 "," 61,671 "," 63,480 "," 66,202 "," 78,009 "," 80,442 "," 81,009 "," 85,930 "," 90,746 "
206041117,Carlton," 36,697 "," 37,254 "," 38,891 "," 40,326 "," 40,122 "," 56,997 "," 57,175 "," 59,784 "," 60,955 "," 60,736 "
206041118,Docklands," 51,177 "," 54,047 "," 55,150 "," 58,307 "," 62,178 "," 69,225 "," 69,115 "," 71,540 "," 75,535 "," 78,910 "
206041119,East Melbourne," 69,469 "," 71,759 "," 75,755 "," 77,804 "," 81,648 "," 124,543 "," 128,433 "," 131,685 "," 135,500 "," 143,914 "
206041120,Flemington Racecourse," 60,511 "," 51,725 "," 55,538 "," 57,275 "," 56,014 "," 76,113 "," 61,485 "," 63,676 "," 65,871 "," 66,435 "
206041121,Kensington (Vic.)," 63,364 "," 65,563 "," 67,962 "," 70,336 "," 73,697 "," 74,497 "," 77,501 "," 80,960 "," 82,998 "," 86,415 "
206041124,Parkville," 45,347 "," 46,314 "," 49,544 "," 47,865 "," 49,344 "," 68,182 "," 66,540 "," 72,362 "," 70,541 "," 72,917 "
206041125,South Yarra - West," 64,865 "," 68,512 "," 70,451 "," 69,578 "," 72,567 "," 125,562 "," 136,452 "," 135,051 "," 130,785 "," 136,077 "
206041127,West Melbourne - Industrial," 58,023 "," 93,272 "," 82,813 "," 90,927 "," 48,626 "," 110,328 "," 230,905 "," 108,884 "," 93,419 "," 60,458 "
206041503,Melbourne CBD - East," 31,790 "," 33,425 "," 33,544 "," 34,764 "," 40,810 "," 62,509 "," 64,563 "," 66,325 "," 69,369 "," 74,664 "
206041504,Melbourne CBD - North," 24,283 "," 23,595 "," 25,663 "," 25,000 "," 29,100 "," 42,972 "," 40,555 "," 41,849 "," 41,595 "," 44,257 "
206041505,Melbourne CBD - West," 27,991 "," 30,439 "," 31,746 "," 32,044 "," 39,300 "," 49,560 "," 50,491 "," 51,404 "," 53,153 "," 59,201 "
206041506,North Melbourne," 45,287 "," 48,474 "," 50,967 "," 52,140 "," 55,800 "," 62,610 "," 65,083 "," 67,392 "," 69,599 "," 74,447 "
206041507,Royal Botanic Gardens Victoria," 41,784 ", np ," 17,122 ", np ," 23,341 "," 55,727 ", np ," 38,825 ", np ," 45,072 "
206041508,Southbank (West) - South Wharf," 51,717 "," 55,057 "," 57,127 "," 56,960 "," 59,683 "," 85,897 "," 89,028 "," 94,439 "," 93,834 "," 88,995 "
206041509,Southbank - East," 49,796 "," 50,290 "," 52,728 "," 50,752 "," 54,392 "," 66,374 "," 65,331 "," 67,490 "," 65,565 "," 69,947 "
206041510,West Melbourne - Residential," 44,243 "," 48,216 "," 48,646 "," 49,437 "," 54,727 "," 63,040 "," 64,929 "," 65,240 "," 67,726 "," 71,654 "
206051128,Albert Park," 65,352 "," 66,627 "," 67,518 "," 68,933 "," 73,107 "," 116,366 "," 117,349 "," 120,883 "," 119,591 "," 127,405 "
206051129,Elwood," 63,791 "," 65,893 "," 68,634 "," 70,277 "," 74,437 "," 86,685 "," 88,979 "," 92,204 "," 95,875 "," 100,371 "
206051130,Port Melbourne," 72,568 "," 74,967 "," 76,501 "," 78,187 "," 79,389 "," 101,861 "," 106,807 "," 107,753 "," 108,852 "," 110,534 "
206051134,St Kilda East," 54,108 "," 56,841 "," 60,012 "," 61,274 "," 64,713 "," 67,422 "," 71,598 "," 73,482 "," 76,797 "," 85,998 "
206051511,Port Melbourne Industrial," 53,416 "," 50,144 "," 47,866 "," 56,844 "," 63,931 "," 94,482 "," 77,505 "," 63,538 "," 80,945 "," 83,175 "
206051512,South Melbourne," 61,620 "," 63,608 "," 65,936 "," 68,701 "," 73,321 "," 92,629 "," 95,769 "," 95,239 "," 99,160 "," 102,038 "
206051513,St Kilda - Central," 53,464 "," 56,940 "," 59,644 "," 60,523 "," 64,644 "," 67,379 "," 70,677 "," 73,951 "," 74,840 "," 80,614 "
206051514,St Kilda - West," 52,523 "," 56,945 "," 59,610 "," 59,592 "," 63,946 "," 74,720 "," 80,236 "," 81,139 "," 82,655 "," 88,181 "
206061135,Armadale," 63,296 "," 66,098 "," 69,563 "," 72,012 "," 73,321 "," 112,641 "," 107,752 "," 111,378 "," 115,616 "," 115,373 "
206061136,Prahran - Windsor," 58,511 "," 63,435 "," 66,724 "," 69,288 "," 72,577 "," 78,749 "," 83,928 "," 88,569 "," 90,637 "," 97,288 "
206061138,Toorak," 70,252 "," 72,451 "," 75,759 "," 74,766 "," 75,504 "," 175,704 "," 175,856 "," 189,017 "," 179,086 "," 192,567 "
206061515,South Yarra - North," 60,949 "," 64,506 "," 66,952 "," 69,612 "," 72,609 "," 87,132 "," 89,449 "," 92,889 "," 95,862 "," 106,472 "
206061516,South Yarra - South," 60,380 "," 63,251 "," 67,003 "," 68,906 "," 71,455 "," 87,758 "," 95,897 "," 97,035 "," 95,520 "," 105,218 "
206071139,Abbotsford," 58,219 "," 61,476 "," 64,090 "," 67,457 "," 71,394 "," 72,786 "," 75,299 "," 78,031 "," 81,580 "," 84,694 "
206071140,Carlton North - Princes Hill," 54,627 "," 57,240 "," 60,116 "," 60,975 "," 64,397 "," 81,757 "," 83,076 "," 88,955 "," 91,136 "," 97,108 "
206071141,Collingwood," 56,572 "," 60,589 "," 63,876 "," 67,156 "," 71,769 "," 70,336 "," 73,039 "," 77,546 "," 79,784 "," 84,909 "
206071142,Fitzroy," 54,508 "," 58,258 "," 60,939 "," 64,283 "," 70,355 "," 81,706 "," 83,198 "," 85,971 "," 90,396 "," 95,637 "
206071143,Fitzroy North," 58,990 "," 62,727 "," 65,192 "," 67,265 "," 71,181 "," 84,776 "," 87,719 "," 93,183 "," 96,248 "," 101,261 "
206071145,Clifton Hill - Alphington," 64,143 "," 68,435 "," 70,982 "," 71,765 "," 76,726 "," 88,158 "," 94,268 "," 99,599 "," 99,914 "," 107,446 "
206071517,Richmond (South) - Cremorne," 67,766 "," 71,786 "," 74,581 "," 77,846 "," 81,421 "," 88,582 "," 92,561 "," 95,000 "," 100,032 "," 106,694 "
206071518,Richmond - North," 58,350 "," 60,411 "," 64,483 "," 66,407 "," 69,865 "," 76,721 "," 75,208 "," 77,929 "," 80,308 "," 83,823 "
207011146,Ashburton (Vic.)," 60,006 "," 61,321 "," 62,937 "," 64,056 "," 68,754 "," 92,637 "," 93,917 "," 95,408 "," 95,450 "," 101,764 "
207011147,Balwyn," 49,140 "," 50,044 "," 51,902 "," 51,703 "," 51,532 "," 85,717 "," 86,434 "," 88,709 "," 90,532 "," 90,688 "
207011148,Balwyn North," 50,096 "," 50,469 "," 52,750 "," 53,053 "," 53,664 "," 80,315 "," 79,404 "," 82,770 "," 82,893 "," 87,333 "
207011149,Camberwell," 56,877 "," 59,133 "," 61,520 "," 61,715 "," 63,494 "," 96,971 "," 97,275 "," 101,501 "," 103,041 "," 107,798 "
207011150,Glen Iris - East," 62,316 "," 63,403 "," 65,964 "," 67,321 "," 69,194 "," 98,134 "," 98,996 "," 102,141 "," 105,097 "," 108,748 "
207011152,Hawthorn East," 60,609 "," 61,766 "," 62,766 "," 61,319 "," 68,789 "," 94,956 "," 94,240 "," 96,504 "," 96,220 "," 103,469 "
207011154,Kew East," 56,385 "," 58,226 "," 60,124 "," 60,329 "," 63,595 "," 87,541 "," 89,182 "," 92,640 "," 94,396 "," 100,310 "
207011155,Surrey Hills (West) - Canterbury," 60,777 "," 63,041 "," 65,212 "," 64,023 "," 66,610 "," 111,157 "," 114,364 "," 112,216 "," 113,304 "," 117,044 "
207011519,Hawthorn - North," 56,559 "," 58,158 "," 60,518 "," 61,310 "," 71,261 "," 102,996 "," 106,030 "," 109,529 "," 108,987 "," 129,035 "
207011520,Hawthorn - South," 56,187 "," 56,815 "," 59,734 "," 60,327 "," 67,529 "," 94,348 "," 95,097 "," 100,303 "," 105,299 "," 118,398 "
207011521,Kew - South," 59,212 "," 61,649 "," 65,112 "," 65,823 "," 66,118 "," 113,459 "," 113,713 "," 117,252 "," 115,174 "," 125,114 "
207011522,Kew - West," 58,704 "," 61,538 "," 63,532 "," 63,019 "," 65,786 "," 105,289 "," 103,623 "," 107,561 "," 106,124 "," 112,593 "
207021156,Bulleen," 45,836 "," 47,352 "," 49,223 "," 51,507 "," 53,343 "," 63,090 "," 64,030 "," 65,925 "," 68,390 "," 72,023 "
207021157,Doncaster," 40,249 "," 41,278 "," 42,170 "," 42,538 "," 44,382 "," 59,050 "," 59,026 "," 59,378 "," 59,852 "," 62,943 "
207021159,Templestowe," 47,261 "," 47,638 "," 49,823 "," 50,147 "," 50,950 "," 74,638 "," 75,984 "," 79,788 "," 77,694 "," 80,614 "
207021160,Templestowe Lower," 45,144 "," 45,926 "," 48,542 "," 49,423 "," 50,973 "," 63,276 "," 62,681 "," 65,263 "," 65,960 "," 69,272 "
207021424,Doncaster East - North," 42,126 "," 43,211 "," 45,091 "," 45,363 "," 46,315 "," 59,594 "," 59,894 "," 60,529 "," 62,495 "," 63,875 "
207021425,Doncaster East - South," 40,660 "," 40,689 "," 42,223 "," 43,713 "," 44,719 "," 55,570 "," 55,024 "," 56,780 "," 58,172 "," 60,280 "
207031161,Blackburn," 48,525 "," 50,380 "," 52,500 "," 53,343 "," 55,907 "," 67,056 "," 68,469 "," 71,158 "," 72,808 "," 76,144 "
207031162,Blackburn South," 45,982 "," 47,174 "," 49,900 "," 49,401 "," 51,900 "," 61,384 "," 61,701 "," 64,659 "," 64,495 "," 66,820 "
207031163,Box Hill," 37,677 "," 37,811 "," 39,731 "," 39,083 "," 41,686 "," 54,511 "," 53,999 "," 55,592 "," 56,502 "," 58,274 "
207031164,Box Hill North," 45,882 "," 46,864 "," 49,538 "," 49,276 "," 51,232 "," 63,602 "," 64,369 "," 66,570 "," 68,004 "," 70,841 "
207031165,Burwood (Vic.)," 35,612 "," 35,000 "," 36,278 "," 37,905 "," 41,496 "," 54,417 "," 53,433 "," 54,479 "," 56,413 "," 60,105 "
207031166,Burwood East," 39,646 "," 40,641 "," 41,159 "," 42,228 "," 43,592 "," 52,900 "," 53,455 "," 54,311 "," 56,163 "," 56,810 "
207031167,Surrey Hills (East) - Mont Albert," 56,768 "," 57,777 "," 60,668 "," 60,982 "," 62,723 "," 86,802 "," 87,866 "," 90,652 "," 88,542 "," 96,213 "
208011168,Beaumaris," 56,578 "," 57,097 "," 59,983 "," 59,622 "," 62,394 "," 90,822 "," 91,919 "," 95,331 "," 98,787 "," 99,054 "
208011169,Brighton (Vic.)," 65,210 "," 67,255 "," 69,529 "," 69,865 "," 70,597 "," 128,898 "," 136,333 "," 138,802 "," 140,209 "," 143,645 "
208011170,Brighton East," 58,506 "," 59,841 "," 62,676 "," 63,091 "," 65,026 "," 96,280 "," 100,277 "," 102,241 "," 101,332 "," 103,698 "
208011171,Highett (West) - Cheltenham," 55,032 "," 57,299 "," 61,107 "," 63,609 "," 66,320 "," 72,911 "," 75,878 "," 78,859 "," 82,228 "," 87,255 "
208011172,Hampton," 57,045 "," 59,892 "," 62,000 "," 64,024 "," 67,691 "," 96,273 "," 100,572 "," 103,276 "," 104,228 "," 114,309 "
208011173,Sandringham - Black Rock," 59,836 "," 61,573 "," 63,236 "," 64,524 "," 65,673 "," 97,457 "," 100,836 "," 103,219 "," 102,396 "," 110,575 "
208021174,Bentleigh - McKinnon," 53,429 "," 54,863 "," 57,362 "," 59,107 "," 61,501 "," 73,604 "," 74,073 "," 77,354 "," 78,939 "," 82,984 "
208021176,Carnegie," 51,589 "," 52,685 "," 54,084 "," 56,595 "," 59,567 "," 65,690 "," 66,888 "," 68,761 "," 74,008 "," 75,285 "
208021177,Caulfield - North," 57,015 "," 58,709 "," 60,528 "," 61,580 "," 64,128 "," 93,416 "," 92,526 "," 96,780 "," 97,506 "," 102,759 "
208021178,Caulfield - South," 55,275 "," 57,298 "," 59,427 "," 59,165 "," 62,515 "," 81,344 "," 82,781 "," 85,639 "," 86,206 "," 92,570 "
208021179,Elsternwick," 58,754 "," 60,327 "," 63,323 "," 64,851 "," 68,592 "," 89,571 "," 89,681 "," 91,522 "," 92,385 "," 101,194 "
208021180,Hughesdale," 52,515 "," 52,692 "," 54,341 "," 57,091 "," 60,284 "," 65,571 "," 66,812 "," 68,038 "," 71,010 "," 74,199 "
208021181,Murrumbeena," 52,248 "," 54,121 "," 55,451 "," 58,008 "," 62,448 "," 68,395 "," 69,993 "," 71,906 "," 74,442 "," 79,126 "
208021182,Ormond - Glen Huntly," 51,937 "," 52,837 "," 55,022 "," 57,286 "," 59,893 "," 67,248 "," 68,120 "," 74,248 "," 72,930 "," 77,918 "
208021426,Bentleigh East - North," 51,691 "," 53,612 "," 55,684 "," 57,987 "," 59,850 "," 67,080 "," 68,545 "," 70,988 "," 73,090 "," 77,730 "
208021427,Bentleigh East - South," 51,143 "," 53,287 "," 55,132 "," 58,178 "," 61,135 "," 65,066 "," 67,667 "," 70,994 "," 73,187 "," 77,558 "
208031183,Aspendale Gardens - Waterways," 50,956 "," 51,722 "," 53,498 "," 55,232 "," 56,981 "," 64,059 "," 64,932 "," 67,279 "," 68,553 "," 71,259 "
208031184,Braeside," 50,716 "," 57,749 "," 64,828 "," 69,291 "," 73,834 "," 74,515 "," 86,847 "," 78,471 "," 84,319 "," 104,310 "
208031185,Carrum - Patterson Lakes," 51,955 "," 54,598 "," 55,429 "," 56,861 "," 59,146 "," 66,717 "," 69,015 "," 70,132 "," 73,491 "," 74,837 "
208031186,Chelsea - Bonbeach," 53,567 "," 55,691 "," 57,912 "," 58,489 "," 61,979 "," 62,582 "," 65,322 "," 66,721 "," 68,619 "," 71,485 "
208031187,Chelsea Heights," 50,417 "," 52,094 "," 54,284 "," 54,960 "," 56,602 "," 56,542 "," 58,149 "," 60,259 "," 62,363 "," 64,993 "
208031188,Highett (East) - Cheltenham ," 50,756 "," 53,465 "," 55,868 "," 56,743 "," 59,759 "," 63,639 "," 64,692 "," 66,848 "," 68,624 "," 72,029 "
208031189,Edithvale - Aspendale," 54,471 "," 57,916 "," 59,805 "," 61,332 "," 64,061 "," 68,619 "," 71,227 "," 74,227 "," 75,177 "," 77,122 "
208031190,Mentone," 52,006 "," 54,225 "," 57,231 "," 59,486 "," 60,845 "," 67,707 "," 68,093 "," 72,561 "," 73,618 "," 76,245 "
208031191,Moorabbin - Heatherton," 50,255 "," 51,528 "," 54,256 "," 56,002 "," 58,506 "," 63,097 "," 64,212 "," 67,811 "," 69,752 "," 73,572 "
208031192,Moorabbin Airport," 65,632 "," 50,000 "," 72,075 "," 56,708 "," 55,527 "," 72,920 "," 50,968 "," 143,163 "," 83,298 "," 64,717 "
208031193,Mordialloc - Parkdale," 55,747 "," 58,033 "," 60,719 "," 62,092 "," 64,287 "," 70,492 "," 73,245 "," 75,182 "," 77,929 "," 81,358 "
208041194,Malvern - Glen Iris," 64,188 "," 66,233 "," 69,729 "," 70,298 "," 72,267 "," 109,500 "," 114,513 "," 119,073 "," 120,581 "," 127,271 "
208041195,Malvern East," 57,562 "," 59,019 "," 59,487 "," 61,126 "," 64,096 "," 95,204 "," 98,537 "," 101,194 "," 101,522 "," 106,684 "
209011196,Bundoora - East," 44,601 "," 45,700 "," 47,739 "," 49,030 "," 50,913 "," 54,344 "," 56,112 "," 57,676 "," 58,902 "," 61,931 "
209011197,Greensborough," 53,080 "," 54,987 "," 56,606 "," 58,971 "," 60,564 "," 64,054 "," 65,457 "," 68,128 "," 70,097 "," 72,087 "
209011198,Heidelberg - Rosanna," 53,215 "," 56,659 "," 60,604 "," 61,975 "," 63,861 "," 63,516 "," 71,060 "," 75,113 "," 77,231 "," 80,746 "
209011199,Heidelberg West," 46,591 "," 47,865 "," 49,231 "," 51,092 "," 55,861 "," 55,444 "," 56,218 "," 58,060 "," 60,034 "," 64,561 "
209011200,Ivanhoe," 58,631 "," 61,543 "," 63,441 "," 64,964 "," 68,490 "," 84,096 "," 88,319 "," 90,988 "," 89,047 "," 98,091 "
209011201,Ivanhoe East - Eaglemont," 60,415 "," 63,761 "," 67,321 "," 67,903 "," 72,071 "," 105,537 "," 109,368 "," 111,661 "," 113,111 "," 120,659 "
209011202,Montmorency - Briar Hill," 54,252 "," 56,972 "," 58,432 "," 60,259 "," 62,642 "," 69,296 "," 70,830 "," 74,639 "," 74,258 "," 77,385 "
209011203,Viewbank - Yallambie," 52,240 "," 53,932 "," 56,529 "," 58,806 "," 60,558 "," 63,758 "," 64,720 "," 67,131 "," 69,459 "," 71,660 "
209011204,Watsonia," 53,401 "," 53,672 "," 56,433 "," 58,876 "," 60,456 "," 60,877 "," 61,645 "," 64,375 "," 66,547 "," 69,038 "
209021205,Kingsbury," 41,146 "," 41,039 "," 42,110 "," 44,240 "," 47,760 "," 57,615 "," 56,879 "," 57,742 "," 60,198 "," 65,372 "
209021428,Preston - East," 48,025 "," 49,779 "," 52,263 "," 54,282 "," 56,724 "," 56,988 "," 58,349 "," 61,328 "," 64,012 "," 67,082 "
209021429,Preston - West," 50,284 "," 52,506 "," 54,494 "," 56,530 "," 59,947 "," 61,824 "," 63,712 "," 65,776 "," 68,975 "," 73,149 "
209021523,Reservoir - North East," 45,392 "," 46,495 "," 48,631 "," 50,627 "," 52,761 "," 50,685 "," 51,491 "," 53,695 "," 56,124 "," 58,984 "
209021524,Reservoir - North West," 43,201 "," 43,738 "," 45,024 "," 47,208 "," 49,313 "," 52,716 "," 52,802 "," 55,431 "," 56,909 "," 59,863 "
209021525,Reservoir - South East," 43,093 "," 43,995 "," 46,166 "," 48,415 "," 50,717 "," 51,656 "," 51,518 "," 53,920 "," 56,409 "," 60,098 "
209021526,Reservoir - South West," 47,680 "," 50,272 "," 50,962 "," 52,353 "," 56,960 "," 55,137 "," 56,590 "," 58,168 "," 61,143 "," 65,595 "
209031209,Eltham," 54,752 "," 56,728 "," 58,655 "," 60,025 "," 62,058 "," 71,703 "," 73,537 "," 76,100 "," 77,665 "," 81,062 "
209031210,Hurstbridge," 48,954 "," 53,364 "," 55,808 "," 55,236 "," 57,348 "," 60,614 "," 64,328 "," 64,770 "," 64,987 "," 66,356 "
209031211,Kinglake," 44,882 "," 46,711 "," 48,674 "," 50,564 "," 52,719 "," 54,736 "," 55,351 "," 57,678 "," 60,060 "," 63,142 "
209031212,Panton Hill - St Andrews," 48,009 "," 48,745 "," 50,492 "," 50,419 "," 54,265 "," 65,113 "," 67,733 "," 67,959 "," 69,380 "," 74,891 "
209031213,Plenty - Yarrambat," 54,606 "," 57,025 "," 58,178 "," 59,405 "," 61,470 "," 75,485 "," 76,605 "," 77,325 "," 78,461 "," 81,752 "
209031214,Research - North Warrandyte," 53,337 "," 55,958 "," 58,242 "," 58,942 "," 62,845 "," 80,252 "," 80,022 "," 82,584 "," 81,861 "," 92,267 "
209031215,Wattle Glen - Diamond Creek," 53,751 "," 55,982 "," 58,722 "," 59,703 "," 61,940 "," 66,328 "," 67,861 "," 71,015 "," 72,466 "," 75,022 "
209041216,Bundoora - North," 45,952 "," 47,008 "," 48,434 "," 49,125 "," 52,109 "," 57,350 "," 58,002 "," 59,058 "," 60,234 "," 64,469 "
209041217,Bundoora - West," 41,558 "," 43,578 "," 45,073 "," 45,748 "," 46,922 "," 49,199 "," 49,934 "," 51,452 "," 52,945 "," 54,986 "
209041220,Mill Park - North," 47,355 "," 49,127 "," 50,871 "," 51,705 "," 53,166 "," 55,414 "," 55,766 "," 57,379 "," 58,670 "," 60,905 "
209041221,Mill Park - South," 46,859 "," 47,934 "," 48,854 "," 50,090 "," 51,275 "," 52,937 "," 53,450 "," 54,853 "," 55,970 "," 58,232 "
209041223,Thomastown," 40,164 "," 41,612 "," 43,212 "," 44,316 "," 45,760 "," 46,271 "," 46,844 "," 48,652 "," 49,435 "," 51,776 "
209041224,Wallan," 50,772 "," 52,622 "," 54,135 "," 55,547 "," 56,206 "," 57,263 "," 58,514 "," 60,320 "," 61,927 "," 62,550 "
209041225,Whittlesea," 48,807 "," 50,795 "," 51,318 "," 52,576 "," 54,522 "," 59,104 "," 60,902 "," 62,267 "," 63,320 "," 65,036 "
209041431,Epping - East," 44,774 "," 46,641 "," 49,607 "," 50,749 "," 51,397 "," 51,025 "," 52,269 "," 54,657 "," 55,866 "," 56,980 "
209041432,Epping - South," 43,025 "," 43,767 "," 45,580 "," 45,867 "," 47,871 "," 48,076 "," 48,538 "," 49,697 "," 50,724 "," 52,592 "
209041433,Epping (Vic.) - West," 47,952 "," 48,478 "," 50,360 "," 51,111 "," 53,910 "," 53,635 "," 54,340 "," 55,628 "," 56,958 "," 60,236 "
209041435,South Morang - North," 52,193 "," 54,061 "," 55,083 "," 56,619 "," 57,797 "," 59,799 "," 61,331 "," 62,516 "," 64,596 "," 66,999 "
209041436,South Morang - South," 49,383 "," 51,029 "," 52,760 "," 54,365 "," 55,669 "," 56,210 "," 57,115 "," 58,516 "," 60,035 "," 61,590 "
209041437,Wollert," 48,509 "," 50,802 "," 51,903 "," 51,609 "," 53,759 "," 53,776 "," 55,685 "," 57,068 "," 57,883 "," 60,330 "
209041527,Doreen - North," 53,300 "," 54,542 "," 56,257 "," 58,018 "," 59,571 "," 61,180 "," 63,051 "," 64,549 "," 66,900 "," 68,522 "
209041528,Doreen - South," 53,758 "," 55,625 "," 58,294 "," 58,720 "," 60,005 "," 58,609 "," 60,458 "," 63,406 "," 64,881 "," 66,508 "
209041529,Lalor - East," 38,764 "," 40,613 "," 41,795 "," 42,848 "," 44,759 "," 44,948 "," 44,894 "," 46,273 "," 47,943 "," 49,780 "
209041530,Lalor - West," 42,906 "," 43,817 "," 45,312 "," 46,715 "," 48,175 "," 49,348 "," 50,157 "," 51,088 "," 53,441 "," 54,964 "
209041531,Mernda - North," 51,206 "," 53,557 "," 55,508 "," 55,830 "," 57,794 "," 57,172 "," 58,631 "," 60,874 "," 62,225 "," 64,338 "
209041532,Mernda - South," 51,329 "," 52,810 "," 54,195 "," 54,741 "," 56,864 "," 57,541 "," 58,614 "," 60,702 "," 62,213 "," 63,985 "
210011226,Airport West," 53,423 "," 55,912 "," 58,506 "," 60,083 "," 62,051 "," 61,750 "," 63,614 "," 65,203 "," 67,716 "," 71,112 "
210011227,Essendon Airport," 24,967 "," 27,711 "," 22,966 "," 39,293 ", np ," 41,698 "," 42,311 "," 53,550 "," 57,960 ", np 
210011228,Keilor," 50,052 "," 52,595 "," 54,647 "," 55,777 "," 57,487 "," 66,524 "," 67,058 "," 68,728 "," 71,111 "," 73,529 "
210011230,Niddrie - Essendon West," 54,472 "," 56,809 "," 58,938 "," 61,999 "," 65,985 "," 68,234 "," 69,842 "," 72,052 "," 75,462 "," 80,261 "
210011231,Strathmore," 56,605 "," 58,830 "," 60,499 "," 62,589 "," 65,179 "," 75,681 "," 78,169 "," 80,324 "," 82,492 "," 87,201 "
210011533,Avondale Heights," 48,412 "," 50,900 "," 52,317 "," 54,105 "," 55,990 "," 59,896 "," 61,263 "," 63,256 "," 65,920 "," 68,074 "
210011534,Keilor East," 50,094 "," 52,397 "," 54,478 "," 56,274 "," 58,582 "," 62,236 "," 64,029 "," 65,744 "," 68,953 "," 73,127 "
210021232,Gisborne," 54,063 "," 55,891 "," 58,611 "," 59,654 "," 63,203 "," 69,608 "," 71,287 "," 73,321 "," 73,990 "," 77,294 "
210021233,Macedon," 56,050 "," 58,258 "," 60,690 "," 61,638 "," 69,572 "," 83,317 "," 85,413 "," 86,386 "," 89,832 "," 103,532 "
210021234,Riddells Creek," 52,335 "," 53,730 "," 54,717 "," 56,191 "," 57,815 "," 63,475 "," 65,478 "," 66,738 "," 67,953 "," 71,364 "
210021235,Romsey," 48,501 "," 51,057 "," 52,984 "," 53,594 "," 56,260 "," 61,740 "," 62,897 "," 66,173 "," 66,802 "," 70,590 "
210031236,Coburg North," 48,379 "," 51,037 "," 53,697 "," 55,518 "," 58,265 "," 58,377 "," 59,765 "," 62,415 "," 64,829 "," 68,855 "
210031237,Fawkner," 39,906 "," 41,577 "," 42,163 "," 43,312 "," 47,003 "," 48,759 "," 49,438 "," 50,646 "," 52,283 "," 56,054 "
210031439,Gowanbrae," 56,112 "," 59,224 "," 61,648 "," 59,771 "," 61,196 "," 66,169 "," 69,262 "," 71,224 "," 69,962 "," 71,606 "
210031440,Hadfield," 47,166 "," 49,025 "," 50,497 "," 52,379 "," 54,129 "," 54,667 "," 55,772 "," 57,704 "," 60,254 "," 62,056 "
210031535,Glenroy - East," 43,271 "," 44,639 "," 46,376 "," 46,733 "," 50,209 "," 50,129 "," 51,099 "," 52,365 "," 54,489 "," 58,379 "
210031536,Glenroy - West," 44,710 "," 45,896 "," 47,004 "," 47,636 "," 50,648 "," 52,005 "," 52,294 "," 53,859 "," 55,968 "," 59,046 "
210031537,Oak Park," 52,914 "," 54,130 "," 55,535 "," 58,093 "," 61,363 "," 61,771 "," 62,973 "," 64,862 "," 67,346 "," 71,527 "
210031538,Pascoe Vale," 53,318 "," 56,185 "," 59,378 "," 61,338 "," 63,846 "," 62,215 "," 64,726 "," 67,480 "," 70,255 "," 73,072 "
210041240,Sunbury," 51,137 "," 53,005 "," 56,178 "," 56,488 "," 57,407 "," 61,200 "," 62,387 "," 66,395 "," 68,225 "," 68,899 "
210041539,Diggers Rest," 52,739 "," 54,619 "," 57,814 "," 58,639 "," 60,057 "," 56,298 "," 58,513 "," 60,977 "," 62,561 "," 63,970 "
210041540,Sunbury - South," 50,064 "," 52,585 "," 54,175 "," 56,249 "," 57,077 "," 58,938 "," 60,471 "," 62,149 "," 64,476 "," 66,317 "
210041541,Sunbury - West," 50,462 "," 52,807 "," 55,917 "," 56,255 "," 57,326 "," 58,776 "," 60,148 "," 62,899 "," 63,661 "," 64,535 "
210051242,Broadmeadows," 34,922 "," 36,296 "," 36,152 "," 36,715 "," 40,056 "," 41,338 "," 41,377 "," 42,126 "," 43,594 "," 45,716 "
210051243,Campbellfield - Coolaroo," 35,435 "," 35,707 "," 37,155 "," 37,678 "," 38,450 "," 44,133 "," 42,603 "," 43,787 "," 44,312 "," 45,568 "
210051245,Gladstone Park - Westmeadows," 48,252 "," 49,166 "," 51,616 "," 52,112 "," 53,034 "," 55,130 "," 55,782 "," 58,078 "," 58,976 "," 60,364 "
210051246,Greenvale - Bulla," 50,093 "," 51,654 "," 54,069 "," 55,286 "," 56,955 "," 61,753 "," 62,776 "," 65,089 "," 66,633 "," 68,835 "
210051247,Meadow Heights," 36,983 "," 37,904 "," 39,246 "," 40,034 "," 41,298 "," 42,690 "," 42,195 "," 42,938 "," 44,129 "," 45,593 "
210051248,Melbourne Airport," 45,698 "," 48,493 "," 50,700 "," 43,082 "," 46,946 "," 63,367 "," 58,604 "," 60,019 "," 61,272 "," 58,284 "
210051250,Tullamarine," 49,837 "," 51,599 "," 52,864 "," 53,649 "," 55,105 "," 54,432 "," 55,035 "," 57,427 "," 58,373 "," 59,550 "
210051441,Craigieburn - Central," 45,718 "," 46,365 "," 47,641 "," 47,887 "," 49,085 "," 50,519 "," 50,970 "," 51,745 "," 52,517 "," 54,198 "
210051442,Craigieburn - North," 47,995 "," 49,167 "," 51,085 "," 51,494 "," 52,901 "," 53,890 "," 55,015 "," 56,597 "," 58,042 "," 59,399 "
210051443,Craigieburn - South," 46,657 "," 47,479 "," 48,568 "," 48,754 "," 49,831 "," 51,422 "," 51,735 "," 53,266 "," 54,394 "," 55,827 "
210051445,Mickleham - Yuroke," 51,686 "," 51,369 "," 53,018 "," 52,923 "," 53,968 "," 58,344 "," 56,689 "," 57,462 "," 57,655 "," 59,815 "
210051542,Craigieburn - North West," 48,183 "," 48,555 "," 49,473 "," 49,700 "," 50,469 "," 51,807 "," 51,984 "," 53,202 "," 54,467 "," 56,034 "
210051543,Craigieburn - West," 46,122 "," 46,883 "," 48,355 "," 48,456 "," 49,545 "," 51,704 "," 52,567 "," 53,744 "," 54,428 "," 55,907 "
210051544,Roxburgh Park (South) - Somerton," 41,942 "," 43,959 "," 45,925 "," 44,979 "," 46,219 "," 49,344 "," 49,729 "," 51,443 "," 51,837 "," 53,425 "
210051545,Roxburgh Park - North," 40,207 "," 40,426 "," 41,555 "," 41,641 "," 42,102 "," 47,085 "," 46,571 "," 47,726 "," 48,370 "," 49,623 "
211011251,Bayswater," 46,480 "," 48,747 "," 50,128 "," 50,974 "," 52,611 "," 53,053 "," 53,801 "," 55,176 "," 56,541 "," 58,747 "
211011254,Knoxfield - Scoresby," 47,171 "," 48,557 "," 50,921 "," 51,441 "," 52,514 "," 56,365 "," 57,548 "," 59,293 "," 61,041 "," 62,063 "
211011255,Lysterfield," 52,618 "," 54,743 "," 56,336 "," 58,064 "," 61,851 "," 70,817 "," 73,163 "," 74,694 "," 74,704 "," 81,776 "
211011256,Rowville - Central," 48,324 "," 50,125 "," 51,920 "," 53,556 "," 55,881 "," 57,959 "," 59,092 "," 60,513 "," 62,208 "," 64,420 "
211011257,Rowville - North," 49,739 "," 52,075 "," 53,111 "," 54,817 "," 58,038 "," 60,451 "," 62,305 "," 63,489 "," 66,178 "," 68,929 "
211011258,Rowville - South," 50,855 "," 52,632 "," 53,535 "," 54,292 "," 55,953 "," 62,507 "," 62,947 "," 64,537 "," 65,691 "," 67,543 "
211011259,Wantirna," 45,202 "," 46,633 "," 48,658 "," 49,487 "," 49,673 "," 55,815 "," 56,386 "," 58,045 "," 59,241 "," 60,689 "
211011260,Wantirna South," 45,166 "," 46,780 "," 48,434 "," 48,547 "," 50,125 "," 57,990 "," 58,185 "," 59,417 "," 60,421 "," 64,184 "
211011446,Boronia," 47,251 "," 49,399 "," 51,495 "," 52,664 "," 53,984 "," 53,502 "," 54,508 "," 56,891 "," 58,258 "," 59,749 "
211011447,Ferntree Gully - North," 48,040 "," 49,642 "," 51,491 "," 52,898 "," 54,713 "," 55,182 "," 55,968 "," 58,219 "," 59,905 "," 61,790 "
211011448,Ferntree Gully (South) - Upper Ferntree Gully," 47,983 "," 50,092 "," 52,396 "," 53,005 "," 54,471 "," 55,913 "," 56,935 "," 59,194 "," 60,884 "," 62,784 "
211011449,The Basin," 50,222 "," 51,067 "," 54,777 "," 54,926 "," 57,769 "," 58,754 "," 58,618 "," 61,125 "," 63,175 "," 66,918 "
211021261,Donvale - Park Orchards," 49,510 "," 50,735 "," 52,268 "," 52,567 "," 53,881 "," 74,679 "," 75,986 "," 78,713 "," 78,100 "," 83,728 "
211021262,Warrandyte - Wonga Park," 53,528 "," 55,011 "," 57,434 "," 58,489 "," 60,636 "," 84,572 "," 85,186 "," 94,427 "," 90,959 "," 94,880 "
211031263,Bayswater North," 49,799 "," 51,111 "," 52,676 "," 54,585 "," 56,749 "," 57,167 "," 57,974 "," 59,631 "," 61,805 "," 63,677 "
211031265,Croydon Hills - Warranwood," 50,942 "," 52,995 "," 55,075 "," 56,783 "," 58,603 "," 64,248 "," 65,682 "," 67,832 "," 70,099 "," 73,282 "
211031266,Ringwood," 46,507 "," 48,466 "," 50,678 "," 51,776 "," 53,539 "," 55,576 "," 57,113 "," 59,768 "," 61,460 "," 63,807 "
211031267,Ringwood East," 50,089 "," 51,592 "," 53,897 "," 54,648 "," 56,782 "," 59,634 "," 61,563 "," 63,773 "," 65,038 "," 67,699 "
211031268,Ringwood North," 50,871 "," 52,794 "," 54,948 "," 55,931 "," 57,454 "," 65,681 "," 66,727 "," 68,584 "," 70,422 "," 73,039 "
211031450,Croydon - East," 48,572 "," 50,598 "," 52,390 "," 53,290 "," 54,707 "," 55,422 "," 55,935 "," 57,864 "," 59,727 "," 61,936 "
211031451,Croydon - West," 48,341 "," 49,419 "," 51,471 "," 51,778 "," 53,565 "," 58,963 "," 58,978 "," 62,047 "," 63,265 "," 65,679 "
211031452,Croydon South," 49,436 "," 51,460 "," 52,306 "," 55,331 "," 57,323 "," 57,474 "," 58,928 "," 59,437 "," 63,760 "," 66,193 "
211041269,Forest Hill," 44,304 "," 46,295 "," 47,612 "," 48,184 "," 49,212 "," 56,483 "," 56,628 "," 58,615 "," 59,311 "," 62,091 "
211041270,Mitcham (Vic.)," 50,575 "," 52,436 "," 53,085 "," 55,386 "," 56,704 "," 62,711 "," 63,591 "," 64,881 "," 67,858 "," 70,471 "
211041271,Nunawading," 48,710 "," 50,193 "," 50,739 "," 52,902 "," 55,797 "," 59,633 "," 61,194 "," 62,927 "," 65,288 "," 68,949 "
211041272,Vermont," 46,792 "," 47,530 "," 50,431 "," 52,489 "," 54,548 "," 59,742 "," 60,289 "," 62,722 "," 65,752 "," 68,974 "
211041273,Vermont South," 42,108 "," 42,348 "," 44,201 "," 44,218 "," 46,240 "," 60,036 "," 58,893 "," 61,084 "," 61,284 "," 63,090 "
211051274,Belgrave - Selby," 50,180 "," 51,296 "," 53,055 "," 54,641 "," 58,157 "," 63,507 "," 64,071 "," 65,774 "," 68,237 "," 71,245 "
211051275,Chirnside Park," 48,992 "," 51,146 "," 53,497 "," 53,444 "," 55,611 "," 58,614 "," 61,042 "," 63,007 "," 64,100 "," 67,262 "
211051276,Healesville - Yarra Glen," 42,791 "," 44,776 "," 47,104 "," 47,636 "," 49,660 "," 53,056 "," 54,286 "," 57,805 "," 58,395 "," 60,395 "
211051277,Kilsyth," 47,445 "," 49,591 "," 51,353 "," 53,778 "," 55,829 "," 54,667 "," 56,356 "," 58,569 "," 59,799 "," 61,830 "
211051278,Lilydale - Coldstream," 47,516 "," 49,666 "," 52,006 "," 53,609 "," 54,896 "," 57,606 "," 61,958 "," 64,709 "," 66,526 "," 68,196 "
211051279,Monbulk - Silvan," 44,710 "," 46,045 "," 48,222 "," 49,044 "," 51,480 "," 56,661 "," 57,859 "," 59,502 "," 61,198 "," 65,530 "
211051280,Montrose," 49,490 "," 51,060 "," 53,267 "," 55,274 "," 56,860 "," 59,391 "," 60,621 "," 64,179 "," 65,299 "," 67,688 "
211051281,Mooroolbark," 48,823 "," 50,593 "," 52,876 "," 53,617 "," 55,297 "," 56,977 "," 58,270 "," 60,442 "," 61,771 "," 63,750 "
211051282,Mount Dandenong - Olinda," 48,149 "," 49,421 "," 51,924 "," 53,335 "," 56,852 "," 63,399 "," 64,539 "," 66,863 "," 69,232 "," 72,826 "
211051283,Mount Evelyn," 46,821 "," 49,054 "," 51,498 "," 52,241 "," 54,642 "," 55,738 "," 57,504 "," 59,614 "," 61,330 "," 63,402 "
211051284,Upwey - Tecoma," 51,018 "," 53,054 "," 55,406 "," 56,165 "," 58,483 "," 59,652 "," 61,198 "," 63,844 "," 65,248 "," 67,726 "
211051285,Wandin - Seville," 46,752 "," 50,071 "," 51,657 "," 52,736 "," 54,915 "," 57,387 "," 59,993 "," 62,440 "," 63,392 "," 65,606 "
211051286,Yarra Valley," 42,965 "," 45,106 "," 46,606 "," 46,874 "," 49,336 "," 50,481 "," 51,502 "," 53,115 "," 54,215 "," 56,302 "
212011289,Emerald - Cockatoo," 48,496 "," 51,277 "," 52,792 "," 53,950 "," 56,194 "," 60,722 "," 62,794 "," 64,350 "," 65,920 "," 70,680 "
212011546,Beaconsfield - Officer," 52,407 "," 55,022 "," 56,775 "," 56,908 "," 58,856 "," 61,608 "," 64,002 "," 64,658 "," 65,478 "," 68,033 "
212011547,Bunyip - Garfield," 44,024 "," 46,667 "," 49,055 "," 50,055 "," 52,071 "," 54,336 "," 55,542 "," 58,364 "," 59,682 "," 61,165 "
212011548,Koo Wee Rup," 44,138 "," 46,284 "," 48,836 "," 50,177 "," 53,906 "," 53,507 "," 52,663 "," 55,270 "," 57,273 "," 60,383 "
212011549,Pakenham - North East," 47,836 "," 49,346 "," 51,709 "," 51,870 "," 52,537 "," 52,876 "," 52,997 "," 55,497 "," 56,231 "," 57,090 "
212011550,Pakenham - North West," 49,647 "," 52,055 "," 53,463 "," 54,223 "," 56,331 "," 55,278 "," 57,220 "," 58,656 "," 59,710 "," 62,259 "
212011551,Pakenham - South East," 44,440 "," 44,682 "," 47,794 "," 46,657 "," 48,842 "," 50,539 "," 49,953 "," 51,731 "," 50,532 "," 52,454 "
212011552,Pakenham - South West," 47,833 "," 49,419 "," 50,772 "," 51,493 "," 52,640 "," 53,574 "," 54,526 "," 55,898 "," 56,887 "," 58,155 "
212021293,Berwick - North," 48,842 "," 51,353 "," 53,002 "," 54,102 "," 56,385 "," 63,796 "," 65,375 "," 67,489 "," 69,303 "," 94,126 "
212021295,Doveton," 38,721 "," 40,209 "," 42,311 "," 42,694 "," 44,556 "," 42,405 "," 42,837 "," 44,347 "," 45,445 "," 47,174 "
212021297,Hallam," 43,269 "," 44,062 "," 44,234 "," 45,373 "," 47,426 "," 49,629 "," 48,725 "," 49,642 "," 50,382 "," 52,579 "
212021299,Narre Warren North," 49,852 "," 52,262 "," 53,639 "," 54,894 "," 56,808 "," 70,066 "," 76,949 "," 74,861 "," 77,795 "," 80,995 "
212021453,Endeavour Hills - North," 46,256 "," 47,811 "," 48,873 "," 49,393 "," 51,576 "," 55,102 "," 55,189 "," 55,828 "," 57,279 "," 59,790 "
212021454,Endeavour Hills - South," 45,276 "," 46,427 "," 47,321 "," 48,739 "," 50,010 "," 52,152 "," 52,243 "," 53,389 "," 55,396 "," 57,172 "
212021455,Narre Warren - North East," 46,858 "," 48,869 "," 50,238 "," 50,971 "," 52,909 "," 52,633 "," 54,284 "," 55,738 "," 57,610 "," 59,100 "
212021456,Narre Warren - South West," 45,771 "," 46,712 "," 47,749 "," 48,646 "," 50,775 "," 50,080 "," 49,895 "," 51,190 "," 52,932 "," 54,794 "
212021553,Berwick - South East," 52,400 "," 54,028 "," 54,771 "," 55,386 "," 58,385 "," 61,875 "," 65,893 "," 65,145 "," 65,015 "," 69,380 "
212021554,Berwick - South West," 49,520 "," 50,733 "," 52,456 "," 53,430 "," 54,382 "," 56,388 "," 56,949 "," 58,926 "," 61,336 "," 62,364 "
212031300,Cranbourne," 45,059 "," 46,576 "," 48,067 "," 48,306 "," 49,696 "," 49,004 "," 49,553 "," 50,913 "," 51,357 "," 53,021 "
212031303,Cranbourne South," 50,371 "," 53,619 "," 55,440 "," 56,952 "," 58,288 "," 60,971 "," 62,317 "," 63,093 "," 64,538 "," 66,180 "
212031304,Cranbourne West," 48,889 "," 49,496 "," 50,591 "," 51,719 "," 54,003 "," 51,929 "," 52,362 "," 53,613 "," 55,232 "," 57,851 "
212031306,Lynbrook - Lyndhurst," 50,236 "," 51,352 "," 52,114 "," 53,459 "," 56,455 "," 58,297 "," 56,733 "," 58,095 "," 59,566 "," 62,915 "
212031308,Pearcedale - Tooradin," 47,642 "," 49,975 "," 52,929 "," 53,071 "," 54,203 "," 56,628 "," 58,986 "," 61,926 "," 62,436 "," 63,888 "
212031457,Narre Warren South - East," 48,497 "," 49,704 "," 50,794 "," 51,316 "," 53,208 "," 58,368 "," 59,144 "," 60,092 "," 61,201 "," 69,373 "
212031458,Narre Warren South - West," 46,302 "," 47,731 "," 49,029 "," 50,166 "," 51,243 "," 52,713 "," 52,898 "," 53,877 "," 55,211 "," 57,075 "
212031555,Clyde North - North," 55,940 "," 57,032 "," 58,170 "," 58,193 "," 59,327 "," 61,683 "," 63,112 "," 63,704 "," 64,581 "," 67,042 "
212031556,Clyde North - South," 51,961 "," 53,240 "," 55,046 "," 55,053 "," 56,399 "," 55,260 "," 56,713 "," 58,625 "," 59,356 "," 61,208 "
212031557,Cranbourne East - North," 50,148 "," 49,961 "," 50,937 "," 51,377 "," 52,637 "," 54,237 "," 53,920 "," 55,269 "," 55,908 "," 56,924 "
212031558,Cranbourne East - South," 49,673 "," 50,503 "," 51,518 "," 52,843 "," 53,967 "," 53,224 "," 53,021 "," 54,978 "," 56,286 "," 57,552 "
212031559,Cranbourne North - East," 50,169 "," 52,047 "," 53,036 "," 53,217 "," 55,113 "," 55,662 "," 57,350 "," 58,423 "," 59,191 "," 61,551 "
212031560,Cranbourne North - West," 46,724 "," 47,403 "," 48,910 "," 49,058 "," 50,281 "," 51,011 "," 50,633 "," 52,399 "," 52,788 "," 54,117 "
212031561,Hampton Park - East," 44,052 "," 45,499 "," 47,312 "," 48,042 "," 49,406 "," 47,402 "," 47,976 "," 49,701 "," 50,409 "," 51,839 "
212031562,Hampton Park - West," 43,949 "," 45,411 "," 47,173 "," 47,617 "," 49,016 "," 47,071 "," 47,589 "," 48,968 "," 49,883 "," 51,235 "
212041309,Clarinda - Oakleigh South," 45,105 "," 46,330 "," 48,624 "," 49,454 "," 51,754 "," 52,684 "," 53,393 "," 56,479 "," 58,179 "," 60,550 "
212041310,Clayton South," 40,000 "," 40,706 "," 41,948 "," 42,781 "," 46,581 "," 46,414 "," 47,346 "," 48,607 "," 49,513 "," 53,867 "
212041312,Dandenong North," 41,828 "," 43,163 "," 45,046 "," 45,310 "," 47,712 "," 48,147 "," 48,671 "," 50,084 "," 50,634 "," 53,154 "
212041313,Dingley Village," 47,760 "," 49,812 "," 51,882 "," 52,104 "," 53,922 "," 59,501 "," 60,183 "," 62,404 "," 63,607 "," 67,061 "
212041316,Noble Park North," 43,603 "," 45,231 "," 45,550 "," 45,274 "," 47,741 "," 48,546 "," 48,677 "," 49,521 "," 50,368 "," 52,400 "
212041317,Springvale," 35,332 "," 36,924 "," 37,720 "," 38,064 "," 40,964 "," 41,440 "," 42,146 "," 43,036 "," 43,912 "," 46,306 "
212041318,Springvale South," 39,441 "," 40,359 "," 41,632 "," 41,646 "," 43,465 "," 43,861 "," 43,848 "," 44,559 "," 45,412 "," 46,916 "
212041459,Noble Park - East," 40,993 "," 41,703 "," 43,390 "," 43,598 "," 46,463 "," 44,782 "," 45,108 "," 46,521 "," 47,457 "," 49,989 "
212041460,Noble Park - West," 39,155 "," 39,918 "," 40,731 "," 42,014 "," 44,378 "," 43,149 "," 43,132 "," 44,165 "," 45,349 "," 47,402 "
212041563,Dandenong - North," 37,001 "," 38,945 "," 40,725 "," 40,986 "," 44,193 "," 42,360 "," 42,872 "," 44,370 "," 45,493 "," 48,653 "
212041564,Dandenong - South," 38,062 "," 40,204 "," 41,594 "," 42,720 "," 45,926 "," 46,448 "," 47,271 "," 49,298 "," 52,498 "," 55,339 "
212041565,Keysborough - North," 42,794 "," 43,807 "," 44,805 "," 44,959 "," 47,279 "," 47,793 "," 50,224 "," 48,342 "," 49,567 "," 51,567 "
212041566,Keysborough - South," 50,827 "," 51,444 "," 52,345 "," 53,538 "," 55,979 "," 60,545 "," 61,237 "," 63,063 "," 64,676 "," 68,490 "
212051319,Ashwood - Chadstone," 47,421 "," 49,496 "," 50,605 "," 51,534 "," 55,016 "," 61,177 "," 62,408 "," 64,329 "," 66,227 "," 69,980 "
212051321,Glen Waverley - East," 39,692 "," 40,903 "," 41,614 "," 42,330 "," 44,426 "," 57,760 "," 58,112 "," 59,951 "," 61,015 "," 63,239 "
212051322,Glen Waverley - West," 40,322 "," 41,184 "," 42,153 "," 43,674 "," 45,186 "," 56,874 "," 57,456 "," 58,231 "," 60,235 "," 62,617 "
212051323,Mount Waverley - North," 44,144 "," 44,299 "," 46,068 "," 47,156 "," 49,385 "," 62,718 "," 62,792 "," 65,791 "," 66,539 "," 69,689 "
212051324,Mount Waverley - South," 46,089 "," 47,729 "," 49,174 "," 50,250 "," 52,336 "," 62,874 "," 63,821 "," 66,509 "," 67,395 "," 71,614 "
212051325,Mulgrave," 46,829 "," 48,369 "," 49,274 "," 50,387 "," 53,468 "," 57,902 "," 58,032 "," 59,325 "," 60,616 "," 65,529 "
212051326,Oakleigh - Huntingdale," 49,055 "," 50,111 "," 51,092 "," 51,653 "," 54,836 "," 59,469 "," 60,570 "," 62,681 "," 64,470 "," 67,817 "
212051327,Wheelers Hill," 44,931 "," 45,504 "," 46,840 "," 46,578 "," 47,204 "," 65,047 "," 66,634 "," 68,858 "," 69,540 "," 75,236 "
212051567,Clayton (North) - Notting Hill," 30,386 "," 27,915 "," 28,101 "," 29,391 "," 32,264 "," 45,235 "," 42,162 "," 42,265 "," 43,694 "," 45,260 "
212051568,Clayton - Central," 37,273 "," 37,034 "," 36,516 "," 35,074 "," 40,813 "," 46,365 "," 45,701 "," 45,414 "," 45,336 "," 49,433 "
213011328,Ardeer - Albion," 41,512 "," 43,579 "," 44,333 "," 45,439 "," 48,307 "," 47,717 "," 48,879 "," 50,129 "," 51,753 "," 54,906 "
213011329,Cairnlea," 46,447 "," 47,564 "," 48,507 "," 50,116 "," 51,053 "," 52,990 "," 54,553 "," 54,462 "," 56,449 "," 57,729 "
213011331,Delahey," 44,994 "," 46,529 "," 47,704 "," 48,822 "," 48,462 "," 49,105 "," 50,430 "," 50,771 "," 52,512 "," 52,838 "
213011332,Keilor Downs," 46,313 "," 46,823 "," 48,481 "," 49,390 "," 50,200 "," 53,913 "," 53,893 "," 55,819 "," 56,487 "," 57,862 "
213011333,Kings Park (Vic.)," 41,255 "," 43,026 "," 44,383 "," 44,822 "," 45,212 "," 45,832 "," 46,004 "," 46,222 "," 47,325 "," 47,709 "
213011334,St Albans - North," 37,848 "," 37,761 "," 39,148 "," 39,032 "," 41,011 "," 42,973 "," 42,079 "," 43,654 "," 44,223 "," 46,353 "
213011335,St Albans - South," 37,088 "," 37,770 "," 39,238 "," 39,537 "," 40,940 "," 42,452 "," 42,881 "," 43,503 "," 44,225 "," 46,239 "
213011336,Sunshine," 39,963 "," 41,723 "," 42,718 "," 42,555 "," 47,031 "," 47,898 "," 48,516 "," 50,089 "," 51,219 "," 55,450 "
213011337,Sunshine North," 38,917 "," 40,282 "," 41,568 "," 42,854 "," 44,669 "," 45,400 "," 45,538 "," 47,322 "," 48,315 "," 50,848 "
213011338,Sunshine West," 41,851 "," 43,417 "," 44,582 "," 45,471 "," 47,412 "," 47,458 "," 47,947 "," 49,107 "," 50,773 "," 52,965 "
213011339,Sydenham," 46,816 "," 47,777 "," 49,930 "," 50,474 "," 52,000 "," 53,020 "," 53,980 "," 55,494 "," 56,708 "," 59,007 "
213011340,Taylors Lakes," 49,016 "," 51,181 "," 53,445 "," 54,126 "," 55,736 "," 60,298 "," 61,169 "," 63,421 "," 64,261 "," 66,721 "
213011569,Deer Park," 44,187 "," 45,763 "," 47,027 "," 47,778 "," 48,074 "," 48,969 "," 49,778 "," 50,967 "," 51,808 "," 52,731 "
213011570,Derrimut," 52,648 "," 53,789 "," 54,247 "," 55,739 "," 57,162 "," 57,914 "," 58,341 "," 59,787 "," 61,522 "," 63,000 "
213021341,Altona," 53,900 "," 57,585 "," 60,433 "," 61,906 "," 65,149 "," 66,148 "," 69,420 "," 71,915 "," 74,627 "," 77,271 "
213021342,Altona Meadows," 49,837 "," 52,072 "," 53,710 "," 55,057 "," 56,799 "," 56,242 "," 57,698 "," 58,819 "," 60,923 "," 62,845 "
213021343,Altona North," 51,118 "," 53,368 "," 56,991 "," 58,645 "," 61,437 "," 59,678 "," 61,413 "," 65,388 "," 68,681 "," 72,189 "
213021344,Newport," 63,574 "," 66,161 "," 69,816 "," 72,348 "," 75,695 "," 77,462 "," 80,218 "," 83,483 "," 86,283 "," 90,483 "
213021345,Seabrook," 51,182 "," 52,078 "," 53,840 "," 55,087 "," 57,264 "," 58,005 "," 60,277 "," 61,167 "," 64,263 "," 65,506 "
213021346,Williamstown," 61,908 "," 63,892 "," 65,886 "," 67,423 "," 70,779 "," 87,962 "," 90,462 "," 94,334 "," 94,239 "," 100,419 "
213031347,Braybrook," 43,033 "," 43,989 "," 45,758 "," 47,576 "," 49,931 "," 50,803 "," 51,548 "," 52,906 "," 55,038 "," 58,843 "
213031348,Footscray," 44,857 "," 46,955 "," 49,243 "," 50,830 "," 50,695 "," 53,428 "," 55,519 "," 57,706 "," 60,450 "," 60,962 "
213031349,Maribyrnong," 51,112 "," 52,575 "," 54,054 "," 55,346 "," 57,977 "," 63,296 "," 64,647 "," 66,413 "," 68,464 "," 71,620 "
213031350,Seddon - Kingsville," 60,500 "," 63,841 "," 66,372 "," 68,864 "," 73,385 "," 72,517 "," 75,121 "," 78,235 "," 81,643 "," 85,989 "
213031351,West Footscray - Tottenham," 50,133 "," 51,551 "," 54,086 "," 55,705 "," 60,041 "," 58,247 "," 59,882 "," 63,009 "," 65,468 "," 70,801 "
213031352,Yarraville," 63,932 "," 66,233 "," 69,410 "," 71,512 "," 76,253 "," 76,821 "," 79,580 "," 83,199 "," 86,064 "," 92,167 "
213041353,Bacchus Marsh," 51,554 "," 53,816 "," 55,049 "," 56,505 "," 57,325 "," 60,483 "," 61,604 "," 63,292 "," 64,701 "," 66,452 "
213041358,Melton West," 45,255 "," 49,547 "," 50,890 "," 51,791 "," 52,042 "," 51,224 "," 54,303 "," 55,314 "," 56,301 "," 56,358 "
213041359,Rockbank - Mount Cottrell," 43,939 "," 48,697 "," 51,869 "," 54,381 "," 57,432 "," 48,730 "," 62,475 "," 56,942 "," 58,982 "," 62,845 "
213041360,Taylors Hill," 52,061 "," 53,453 "," 55,206 "," 56,042 "," 57,384 "," 59,479 "," 61,123 "," 63,340 "," 64,342 "," 65,792 "
213041461,Burnside," 48,384 "," 49,747 "," 51,099 "," 53,196 "," 53,932 "," 54,264 "," 55,628 "," 56,449 "," 59,093 "," 60,754 "
213041462,Burnside Heights," 50,172 "," 50,944 "," 53,194 "," 54,182 "," 55,621 "," 56,321 "," 57,847 "," 59,331 "," 61,260 "," 63,329 "
213041463,Caroline Springs," 52,912 "," 54,704 "," 56,469 "," 56,664 "," 57,548 "," 61,354 "," 63,136 "," 64,066 "," 65,480 "," 66,413 "
213041571,Brookfield," 48,347 "," 49,563 "," 50,490 "," 51,566 "," 52,300 "," 53,847 "," 53,596 "," 55,158 "," 56,427 "," 57,316 "
213041572,Cobblebank - Strathtulloh," 46,645 "," 51,722 "," 55,819 "," 53,936 "," 55,273 "," 51,549 "," 56,310 "," 59,937 "," 58,531 "," 61,146 "
213041573,Eynesbury - Exford," 65,416 "," 67,089 "," 69,360 "," 70,699 "," 72,010 "," 69,902 "," 72,669 "," 74,867 "," 76,341 "," 78,270 "
213041574,Fraser Rise - Plumpton," 55,848 "," 56,391 "," 58,618 "," 59,227 "," 60,599 "," 60,298 "," 60,055 "," 62,440 "," 64,411 "," 65,643 "
213041575,Hillside," 51,486 "," 52,251 "," 54,477 "," 55,562 "," 55,949 "," 59,753 "," 60,076 "," 62,391 "," 63,788 "," 64,810 "
213041576,Kurunjang - Toolern Vale," 47,521 "," 48,753 "," 51,216 "," 51,194 "," 51,920 "," 53,968 "," 54,100 "," 56,458 "," 58,109 "," 58,870 "
213041577,Melton," 43,807 "," 45,288 "," 47,029 "," 47,641 "," 47,406 "," 48,820 "," 48,391 "," 49,295 "," 51,218 "," 51,286 "
213041578,Melton South - Weir Views," 44,614 "," 46,877 "," 47,886 "," 48,275 "," 49,041 "," 49,024 "," 49,935 "," 50,903 "," 51,829 "," 52,286 "
213051361,Hoppers Crossing - North," 47,254 "," 48,776 "," 50,021 "," 50,553 "," 51,961 "," 54,370 "," 55,017 "," 56,363 "," 57,409 "," 59,186 "
213051362,Hoppers Crossing - South," 44,616 "," 45,768 "," 46,357 "," 46,594 "," 47,736 "," 51,257 "," 51,304 "," 51,933 "," 52,666 "," 54,021 "
213051363,Laverton," 46,207 "," 46,852 "," 48,242 "," 49,175 "," 51,997 "," 54,555 "," 55,307 "," 57,189 "," 59,028 "," 64,208 "
213051368,Werribee - South," 50,326 "," 52,000 "," 54,254 "," 54,507 "," 56,521 "," 60,336 "," 61,393 "," 63,402 "," 64,918 "," 66,955 "
213051464,Point Cook - East," 53,000 "," 53,150 "," 54,778 "," 56,636 "," 58,552 "," 66,890 "," 67,110 "," 68,742 "," 70,758 "," 73,951 "
213051466,Point Cook - South," 55,291 "," 57,871 "," 59,244 "," 60,784 "," 63,066 "," 64,191 "," 65,880 "," 68,190 "," 70,462 "," 74,388 "
213051467,Werribee - East," 45,100 "," 46,229 "," 48,183 "," 48,473 "," 49,402 "," 51,249 "," 51,533 "," 52,939 "," 54,066 "," 54,940 "
213051468,Werribee - West," 50,179 "," 52,436 "," 54,038 "," 54,788 "," 56,515 "," 58,060 "," 59,223 "," 60,783 "," 61,509 "," 63,574 "
213051579,Manor Lakes - Quandong," 53,815 "," 55,550 "," 56,693 "," 59,922 "," 60,503 "," 57,605 "," 59,567 "," 62,078 "," 65,655 "," 67,905 "
213051580,Point Cook - North East," 52,135 "," 53,247 "," 54,403 "," 55,605 "," 57,231 "," 61,693 "," 62,936 "," 64,216 "," 65,699 "," 67,857 "
213051581,Point Cook - North West," 54,921 "," 57,001 "," 57,433 "," 58,980 "," 60,424 "," 63,698 "," 66,063 "," 66,577 "," 68,823 "," 70,629 "
213051582,Tarneit (West) - Mount Cottrell," 46,872 "," 48,170 "," 49,925 "," 50,967 "," 52,927 "," 51,833 "," 51,513 "," 53,270 "," 55,375 "," 58,279 "
213051583,Tarneit - Central," 48,286 "," 49,006 "," 49,602 "," 49,652 "," 51,667 "," 54,232 "," 54,981 "," 55,450 "," 56,573 "," 58,868 "
213051584,Tarneit - North," 43,790 "," 45,649 "," 47,527 "," 47,911 "," 50,298 "," 48,545 "," 51,625 "," 52,781 "," 53,905 "," 57,208 "
213051585,Tarneit - South," 48,009 "," 48,478 "," 49,657 "," 50,688 "," 51,295 "," 53,482 "," 53,722 "," 55,049 "," 56,540 "," 57,334 "
213051586,Truganina - North," 46,559 "," 48,554 "," 50,164 "," 50,584 "," 52,721 "," 51,024 "," 53,582 "," 55,386 "," 56,539 "," 60,077 "
213051587,Truganina - South East," 51,355 "," 51,835 "," 52,635 "," 52,984 "," 55,306 "," 56,871 "," 58,201 "," 59,689 "," 60,471 "," 63,626 "
213051588,Truganina - South West," 46,580 "," 46,928 "," 47,673 "," 48,024 "," 49,155 "," 52,299 "," 52,145 "," 53,190 "," 54,492 "," 56,415 "
213051589,Wyndham Vale - North," 46,659 "," 48,196 "," 49,931 "," 52,358 "," 53,408 "," 51,437 "," 51,723 "," 53,939 "," 56,858 "," 57,659 "
213051590,Wyndham Vale - South," 49,105 "," 50,579 "," 52,184 "," 53,161 "," 53,299 "," 55,102 "," 55,867 "," 57,189 "," 58,635 "," 59,731 "
214011370,Carrum Downs," 48,953 "," 50,667 "," 52,775 "," 53,793 "," 55,145 "," 53,623 "," 54,342 "," 56,473 "," 57,826 "," 58,940 "
214011371,Frankston," 45,965 "," 47,388 "," 49,025 "," 50,097 "," 51,864 "," 52,756 "," 53,247 "," 55,318 "," 56,957 "," 59,123 "
214011372,Frankston North," 44,136 "," 45,692 "," 47,096 "," 48,248 "," 49,444 "," 48,987 "," 48,562 "," 50,400 "," 52,343 "," 53,462 "
214011373,Frankston South," 48,752 "," 51,192 "," 52,775 "," 53,597 "," 57,214 "," 63,588 "," 65,365 "," 67,043 "," 69,079 "," 72,517 "
214011374,Langwarrin," 50,077 "," 51,940 "," 54,344 "," 55,580 "," 57,215 "," 58,391 "," 60,013 "," 62,162 "," 63,645 "," 65,873 "
214011375,Seaford (Vic.)," 49,006 "," 50,587 "," 52,561 "," 53,665 "," 56,280 "," 55,837 "," 56,530 "," 58,372 "," 59,792 "," 63,160 "
214011376,Skye - Sandhurst," 52,026 "," 54,210 "," 56,067 "," 56,506 "," 59,508 "," 62,642 "," 64,596 "," 65,760 "," 66,387 "," 70,003 "
214021377,Dromana," 40,649 "," 42,729 "," 45,133 "," 45,157 "," 46,493 "," 56,461 "," 57,170 "," 60,023 "," 60,987 "," 62,646 "
214021378,Flinders," 43,865 "," 47,280 "," 48,001 "," 49,267 "," 52,008 "," 76,137 "," 77,616 "," 81,666 "," 89,537 "," 98,277 "
214021379,Hastings - Somers," 44,335 "," 45,601 "," 47,771 "," 48,896 "," 50,699 "," 55,144 "," 54,969 "," 56,852 "," 58,377 "," 62,095 "
214021381,Mount Eliza," 54,021 "," 55,000 "," 57,054 "," 57,975 "," 60,423 "," 82,260 "," 83,334 "," 86,492 "," 87,887 "," 95,722 "
214021382,Mount Martha," 48,568 "," 49,556 "," 51,240 "," 52,230 "," 55,439 "," 67,405 "," 68,782 "," 71,638 "," 71,684 "," 76,817 "
214021383,Point Nepean," 38,818 "," 40,382 "," 42,054 "," 42,617 "," 44,979 "," 61,075 "," 60,433 "," 61,521 "," 65,413 "," 69,825 "
214021384,Rosebud - McCrae," 37,542 "," 39,596 "," 41,225 "," 41,760 "," 43,581 "," 47,168 "," 47,737 "," 49,256 "," 50,489 "," 52,672 "
214021385,Somerville," 47,635 "," 48,755 "," 50,618 "," 51,734 "," 53,437 "," 57,972 "," 58,943 "," 60,513 "," 62,639 "," 65,382 "
214021591,Mornington - East," 44,775 "," 45,843 "," 47,897 "," 49,356 "," 50,825 "," 56,041 "," 55,915 "," 58,056 "," 59,402 "," 62,416 "
214021592,Mornington - West," 43,639 "," 45,271 "," 48,117 "," 47,912 "," 48,918 "," 64,839 "," 66,034 "," 68,045 "," 68,390 "," 71,022 "
215011386,Ararat," 41,841 "," 43,904 "," 46,014 "," 46,330 "," 48,944 "," 49,391 "," 49,116 "," 52,298 "," 52,852 "," 54,514 "
215011387,Ararat Surrounds," 40,237 "," 41,086 "," 47,161 "," 47,026 "," 48,462 "," 53,818 "," 50,289 "," 60,437 "," 59,455 "," 58,845 "
215011388,Horsham," 44,332 "," 46,612 "," 48,609 "," 49,317 "," 52,347 "," 51,824 "," 52,500 "," 54,850 "," 57,181 "," 59,525 "
215011389,Horsham Surrounds," 40,650 "," 46,405 "," 48,229 "," 50,726 "," 52,867 "," 48,694 "," 54,219 "," 58,890 "," 64,353 "," 60,854 "
215011390,Nhill Region," 41,760 "," 45,952 "," 47,884 "," 49,436 "," 48,677 "," 49,503 "," 56,675 "," 64,043 "," 63,553 "," 54,367 "
215011391,St Arnaud," 36,392 "," 40,191 "," 40,796 "," 43,038 "," 46,519 "," 45,171 "," 48,001 "," 49,242 "," 52,873 "," 52,337 "
215011392,Stawell," 39,988 "," 42,677 "," 46,277 "," 46,736 "," 47,911 "," 48,626 "," 48,415 "," 52,259 "," 52,650 "," 53,846 "
215011393,West Wimmera," 41,256 "," 41,948 "," 48,912 "," 46,649 "," 43,804 "," 50,999 "," 50,539 "," 65,888 "," 62,731 "," 54,316 "
215011394,Yarriambiack," 40,505 "," 46,030 "," 44,238 "," 50,474 "," 48,604 "," 52,441 "," 58,234 "," 52,509 "," 65,994 "," 61,335 "
215021395,Irymple," 42,704 "," 45,791 "," 48,528 "," 48,543 "," 51,004 "," 54,084 "," 55,427 "," 57,969 "," 57,106 "," 58,655 "
215021396,Merbein," 40,397 "," 42,744 "," 44,855 "," 46,266 "," 47,375 "," 47,066 "," 46,804 "," 49,981 "," 50,998 "," 53,008 "
215021398,Mildura Surrounds," 39,687 "," 42,045 "," 42,224 "," 41,420 "," 46,269 "," 49,946 "," 50,879 "," 48,603 "," 45,564 "," 49,902 "
215021399,Red Cliffs," 40,254 "," 42,248 "," 42,024 "," 42,808 "," 45,261 "," 46,560 "," 44,949 "," 46,525 "," 47,273 "," 49,998 "
215021469,Mildura - North," 41,099 "," 43,297 "," 44,735 "," 42,156 "," 45,610 "," 50,127 "," 50,665 "," 53,254 "," 50,151 "," 53,762 "
215021470,Mildura - South," 43,446 "," 45,574 "," 47,259 "," 47,345 "," 49,170 "," 51,369 "," 51,830 "," 53,245 "," 53,428 "," 55,975 "
215031400,Buloke," 36,710 "," 40,423 "," 40,194 "," 43,604 "," 44,989 "," 47,867 "," 50,227 "," 47,393 "," 53,746 "," 53,324 "
215031401,Gannawarra," 35,425 "," 39,347 "," 40,105 "," 41,794 "," 42,543 "," 41,722 "," 46,298 "," 46,003 "," 48,072 "," 48,135 "
215031402,Kerang," 37,938 "," 39,727 "," 41,578 "," 42,710 "," 45,380 "," 44,200 "," 46,369 "," 47,397 "," 48,456 "," 50,753 "
215031403,Robinvale," 39,241 "," 43,082 "," 40,631 "," 35,390 "," 34,182 "," 54,917 "," 54,118 "," 56,464 "," 46,798 "," 41,990 "
215031404,Swan Hill," 43,589 "," 46,178 "," 47,032 "," 47,677 "," 50,367 "," 51,756 "," 53,641 "," 54,274 "," 54,716 "," 57,687 "
215031405,Swan Hill Surrounds," 40,209 "," 43,983 "," 45,118 "," 43,685 "," 45,768 "," 49,362 "," 51,718 "," 52,975 "," 51,556 "," 49,282 "
216011406,Echuca," 43,193 "," 44,986 "," 46,573 "," 47,359 "," 50,362 "," 52,128 "," 52,678 "," 54,497 "," 55,749 "," 58,590 "
216011407,Kyabram," 40,188 "," 42,832 "," 43,561 "," 44,447 "," 46,660 "," 45,607 "," 47,045 "," 47,567 "," 48,709 "," 52,014 "
216011408,Lockington - Gunbower," 37,416 "," 42,116 "," 42,995 "," 43,852 "," 47,205 "," 44,065 "," 47,057 "," 47,226 "," 49,271 "," 51,450 "
216011409,Rochester," 39,390 "," 42,188 "," 42,145 "," 42,969 "," 45,407 "," 46,544 "," 49,474 "," 48,150 "," 50,139 "," 51,444 "
216011410,Rushworth," 36,213 "," 38,359 "," 39,503 "," 39,808 "," 43,531 "," 44,108 "," 45,798 "," 45,215 "," 46,133 "," 49,652 "
216021411,Cobram," 42,278 "," 43,115 "," 43,338 "," 43,108 "," 45,882 "," 50,580 "," 49,463 "," 49,876 "," 50,500 "," 52,722 "
216021412,Moira," 34,772 "," 40,771 "," 41,048 "," 42,266 "," 44,886 "," 43,713 "," 48,168 "," 49,200 "," 50,180 "," 50,632 "
216021413,Numurkah," 37,409 "," 39,931 "," 42,225 "," 44,256 "," 46,296 "," 43,305 "," 44,500 "," 45,814 "," 48,394 "," 50,174 "
216021414,Yarrawonga," 38,354 "," 40,572 "," 41,980 "," 43,654 "," 46,794 "," 49,326 "," 48,310 "," 49,614 "," 52,048 "," 54,212 "
216031415,Mooroopna," 42,980 "," 44,321 "," 45,031 "," 45,846 "," 47,533 "," 48,077 "," 47,281 "," 47,960 "," 49,648 "," 52,796 "
216031416,Shepparton - North," 45,198 "," 47,629 "," 49,055 "," 50,636 "," 53,459 "," 55,841 "," 56,416 "," 58,568 "," 61,304 "," 64,090 "
216031418,Shepparton Surrounds - East," 38,220 "," 42,574 "," 43,882 "," 44,524 "," 48,480 "," 46,221 "," 48,205 "," 48,440 "," 50,937 "," 53,540 "
216031419,Shepparton Surrounds - West," 39,336 "," 41,983 "," 44,940 "," 45,328 "," 47,631 "," 47,113 "," 48,457 "," 50,749 "," 52,387 "," 53,804 "
216031593,Kialla," 48,516 "," 50,328 "," 51,065 "," 52,229 "," 55,815 "," 58,539 "," 59,403 "," 60,667 "," 61,759 "," 66,303 "
216031594,Shepparton - South East," 38,032 "," 39,493 "," 40,863 "," 41,832 "," 44,569 "," 44,546 "," 44,407 "," 46,574 "," 47,110 "," 48,954 "
217011420,Glenelg (Vic.)," 41,529 "," 42,273 "," 45,234 "," 44,969 "," 47,178 "," 52,580 "," 50,804 "," 53,286 "," 53,869 "," 57,147 "
217011421,Hamilton (Vic.)," 41,262 "," 42,871 "," 45,492 "," 46,493 "," 48,631 "," 49,716 "," 49,529 "," 52,872 "," 52,540 "," 55,467 "
217011422,Portland," 44,662 "," 46,812 "," 47,803 "," 47,953 "," 49,082 "," 55,419 "," 55,636 "," 57,048 "," 57,138 "," 57,351 "
217011423,Southern Grampians," 40,681 "," 42,664 "," 45,499 "," 43,994 "," 47,256 "," 52,431 "," 57,874 "," 55,536 "," 52,695 "," 56,296 "
217031471,Camperdown," 40,179 "," 42,348 "," 44,698 "," 47,411 "," 48,761 "," 47,668 "," 47,987 "," 50,881 "," 54,519 "," 55,691 "
217031472,Colac," 43,892 "," 45,879 "," 47,628 "," 48,073 "," 51,231 "," 50,121 "," 50,650 "," 52,505 "," 52,833 "," 56,275 "
217031473,Colac Surrounds," 37,746 "," 40,060 "," 41,860 "," 43,952 "," 47,900 "," 45,616 "," 46,633 "," 47,285 "," 49,826 "," 55,647 "
217031474,Corangamite - North," 39,107 "," 42,284 "," 45,668 "," 47,819 "," 47,705 "," 48,476 "," 48,306 "," 55,151 "," 58,426 "," 55,007 "
217031475,Corangamite - South," 35,874 "," 36,852 "," 40,261 "," 43,565 "," 47,533 "," 44,391 "," 44,167 "," 47,926 "," 51,981 "," 55,033 "
217031476,Otway," 32,032 "," 33,929 "," 36,219 "," 36,510 "," 40,447 "," 45,181 "," 44,946 "," 46,521 "," 47,907 "," 54,592 "
217041477,Moyne - East," 41,167 "," 44,000 "," 46,071 "," 47,120 "," 50,203 "," 50,001 "," 50,702 "," 55,875 "," 58,738 "," 59,162 "
217041478,Moyne - West," 41,889 "," 43,136 "," 45,256 "," 46,843 "," 50,360 "," 52,528 "," 52,204 "," 55,540 "," 58,009 "," 61,438 "
217041479,Warrnambool - North," 44,509 "," 46,945 "," 48,855 "," 50,654 "," 52,518 "," 53,319 "," 58,438 "," 56,079 "," 58,422 "," 60,981 "
217041480,Warrnambool - South," 43,149 "," 45,726 "," 47,242 "," 49,080 "," 52,359 "," 54,442 "," 54,826 "," 58,145 "," 58,648 "," 62,234 "